"Section"	"section_id"	"req_id"	"full_key"	"manual_search_terms"	"requirement"	"Test Availability"	"class_def"	"method"	"module"	"matched_terms"	"methods_string"	"search_terms"	"file_name"	"Comment(internal) e.g. why a test is not possible"	"CTS Bug Id"	"Test Level"
"9.9.3  . Encryption Methods"	"9.9.3"	"C-1-17"	"9.9.3/C-1-17"		"""C-1-17] MUST ensure that all encrypted filesystem metadata blocks on persistent storage were encrypted using distinct combinations of encryption key and initialization vector (IV). Have keys protecting CE and DE storage areas which:"""		"com.android.cts.devicepolicy.MixedDeviceOwnerTest"	"isHeadlessSystemUserMode"	"CtsDevicePolicyManagerTestCases"	"3: IV DE CE"	"([40:/com/android/cts/devicepolicy/MixedDeviceOwnerTest.java]:[CE]:[40]:method_text:[eDeviceOwnerAdmin(DEVICE_ADMIN_COMPONENT_FLATTENED);        }        super.tearDown();    }   ])"	"encrypted areas using IV persistent distinct encryption C-1-17 filesystem DE combinations blocks which: initialization storage protecting metadata ensure Have vector CE key keys"	"/home/gpoor/cts-12-source/cts/hostsidetests/devicepolicy/src/com/android/cts/devicepolicy/MixedDeviceOwnerTest.java"			
"9.9.3  . Encryption Methods"	"9.9.3"	"C-1-17"	"9.9.3/C-1-17"		"""C-1-17] MUST ensure that all encrypted filesystem metadata blocks on persistent storage were encrypted using distinct combinations of encryption key and initialization vector (IV). Have keys protecting CE and DE storage areas which:"""		"com.android.cts.devicepolicy.MixedDeviceOwnerTest"	"testInstallUpdateLogged"	"CtsDevicePolicyManagerTestCases"	"3: IV DE CE"	"([12:/com/android/cts/devicepolicy/MixedDeviceOwnerTest.java]:[CE]:[12]:method_text:[   executeDeviceTestMethodOnDeviceOwnerUser("".systemupdate.InstallUpdateTest"", testName);    }   ])"	"encrypted areas using IV persistent distinct encryption C-1-17 filesystem DE combinations blocks which: initialization storage protecting metadata ensure Have vector CE key keys"	"/home/gpoor/cts-12-source/cts/hostsidetests/devicepolicy/src/com/android/cts/devicepolicy/MixedDeviceOwnerTest.java"			
"9.9.3  . Encryption Methods"	"9.9.3"	"C-1-17"	"9.9.3/C-1-17"		"""C-1-17] MUST ensure that all encrypted filesystem metadata blocks on persistent storage were encrypted using distinct combinations of encryption key and initialization vector (IV). Have keys protecting CE and DE storage areas which:"""		"com.android.cts.devicepolicy.MixedDeviceOwnerTest"	"testSecurityLoggingWithSingleUser"	"CtsDevicePolicyManagerTestCases"	"4: IV DE ensure CE"	"([13:/com/android/cts/devicepolicy/MixedDeviceOwnerTest.java]:[CE]:[13]:method_text:[ce().setSetting(""global"", ""stay_on_while_plugged_in"", stayAwake);            }        }    }   ])"	"encrypted areas using IV persistent distinct encryption C-1-17 filesystem DE combinations blocks which: initialization storage protecting metadata ensure Have vector CE key keys"	"/home/gpoor/cts-12-source/cts/hostsidetests/devicepolicy/src/com/android/cts/devicepolicy/MixedDeviceOwnerTest.java"			
"9.9.3  . Encryption Methods"	"9.9.3"	"C-1-17"	"9.9.3/C-1-17"		"""C-1-17] MUST ensure that all encrypted filesystem metadata blocks on persistent storage were encrypted using distinct combinations of encryption key and initialization vector (IV). Have keys protecting CE and DE storage areas which:"""	"Test Available"	"com.android.cts.devicepolicy.MixedDeviceOwnerTest"	"testSetStorageEncryption"	"CtsDevicePolicyManagerTestCases"	"6: IV encryption DE storage ensure CE"	"([12:/com/android/cts/devicepolicy/MixedDeviceOwnerTest.java]:[CE]:[12]:method_text:[me, testClassName,                    ""testDisablingSecurityLogging"", userId);        }    }   ])"	"encrypted areas using IV persistent distinct encryption C-1-17 filesystem DE combinations blocks which: initialization storage protecting metadata ensure Have vector CE key keys"	"/home/gpoor/cts-12-source/cts/hostsidetests/devicepolicy/src/com/android/cts/devicepolicy/MixedDeviceOwnerTest.java"			
"9.9.3  . Encryption Methods"	"9.9.3"	"C-1-17"	"9.9.3/C-1-17"		"""C-1-17] MUST ensure that all encrypted filesystem metadata blocks on persistent storage were encrypted using distinct combinations of encryption key and initialization vector (IV). Have keys protecting CE and DE storage areas which:"""		"com.android.cts.devicepolicy.MixedDeviceOwnerTest"	"testSuspendPackage"	"CtsDevicePolicyManagerTestCases"	"3: IV DE CE"	"([1:/com/android/cts/devicepolicy/MixedDeviceOwnerTest.java]:[CE]:[1]:method_text:[testSuspendPackage() throws Exception {        super.testSuspendPackage();    }    @Override   ])"	"encrypted areas using IV persistent distinct encryption C-1-17 filesystem DE combinations blocks which: initialization storage protecting metadata ensure Have vector CE key keys"	"/home/gpoor/cts-12-source/cts/hostsidetests/devicepolicy/src/com/android/cts/devicepolicy/MixedDeviceOwnerTest.java"			
"9.9.3  . Encryption Methods"	"9.9.3"	"C-1-17"	"9.9.3/C-1-17"		"""C-1-17] MUST ensure that all encrypted filesystem metadata blocks on persistent storage were encrypted using distinct combinations of encryption key and initialization vector (IV). Have keys protecting CE and DE storage areas which:"""		"com.android.cts.devicepolicy.MixedDeviceOwnerTest"	"testSuspendPackageWithPackageManager"	"CtsDevicePolicyManagerTestCases"	"3: IV DE CE"	"([1:/com/android/cts/devicepolicy/MixedDeviceOwnerTest.java]:[CE]:[1]:method_text:[() throws Exception {        super.testSuspendPackageWithPackageManager();    }    @Override   ])"	"encrypted areas using IV persistent distinct encryption C-1-17 filesystem DE combinations blocks which: initialization storage protecting metadata ensure Have vector CE key keys"	"/home/gpoor/cts-12-source/cts/hostsidetests/devicepolicy/src/com/android/cts/devicepolicy/MixedDeviceOwnerTest.java"			
"9.9.3  . Encryption Methods"	"9.9.3"	"C-1-17"	"9.9.3/C-1-17"		"""C-1-17] MUST ensure that all encrypted filesystem metadata blocks on persistent storage were encrypted using distinct combinations of encryption key and initialization vector (IV). Have keys protecting CE and DE storage areas which:"""		"com.android.cts.devicepolicy.MixedDeviceOwnerTest"	"testCreateAdminSupportIntent"	"CtsDevicePolicyManagerTestCases"	"3: IV DE CE"	"([1:/com/android/cts/devicepolicy/MixedDeviceOwnerTest.java]:[CE]:[1]:method_text:[rtIntent() throws Exception {        super.testCreateAdminSupportIntent();    }    @Override   ])"	"encrypted areas using IV persistent distinct encryption C-1-17 filesystem DE combinations blocks which: initialization storage protecting metadata ensure Have vector CE key keys"	"/home/gpoor/cts-12-source/cts/hostsidetests/devicepolicy/src/com/android/cts/devicepolicy/MixedDeviceOwnerTest.java"			
"9.9.3  . Encryption Methods"	"9.9.3"	"C-1-17"	"9.9.3/C-1-17"		"""C-1-17] MUST ensure that all encrypted filesystem metadata blocks on persistent storage were encrypted using distinct combinations of encryption key and initialization vector (IV). Have keys protecting CE and DE storage areas which:"""		"com.android.cts.devicepolicy.MixedDeviceOwnerTest"	"testPersistentIntentResolving"	"CtsDevicePolicyManagerTestCases"	"4: IV persistent DE CE"	"([1:/com/android/cts/devicepolicy/MixedDeviceOwnerTest.java]:[CE]:[1]:method_text:[solving() throws Exception {        super.testPersistentIntentResolving();    }    @Override   ])"	"encrypted areas using IV persistent distinct encryption C-1-17 filesystem DE combinations blocks which: initialization storage protecting metadata ensure Have vector CE key keys"	"/home/gpoor/cts-12-source/cts/hostsidetests/devicepolicy/src/com/android/cts/devicepolicy/MixedDeviceOwnerTest.java"			
"9.9.3  . Encryption Methods"	"9.9.3"	"C-1-17"	"9.9.3/C-1-17"		"""C-1-17] MUST ensure that all encrypted filesystem metadata blocks on persistent storage were encrypted using distinct combinations of encryption key and initialization vector (IV). Have keys protecting CE and DE storage areas which:"""		"com.android.cts.devicepolicy.MixedDeviceOwnerTest"	"testDisallowAutofill_allowed"	"CtsDevicePolicyManagerTestCases"	"4: IV DE CE key key"	"([1:/com/android/cts/devicepolicy/MixedDeviceOwnerTest.java]:[key]:[1]:method_text:[ser(                DEVICE_ADMIN_PKG, "".AffiliationTest"", ""testSetAffiliationId1"", userId);    }}])"	"encrypted areas using IV persistent distinct encryption C-1-17 filesystem DE combinations blocks which: initialization storage protecting metadata ensure Have vector CE key keys"	"/home/gpoor/cts-12-source/cts/hostsidetests/devicepolicy/src/com/android/cts/devicepolicy/MixedDeviceOwnerTest.java"			
"9.9.3  . Encryption Methods"	"9.9.3"	"C-1-17"	"9.9.3/C-1-17"		"""C-1-17] MUST ensure that all encrypted filesystem metadata blocks on persistent storage were encrypted using distinct combinations of encryption key and initialization vector (IV). Have keys protecting CE and DE storage areas which:"""		"com.android.cts.devicepolicy.MixedDeviceOwnerTest"	"testSecurityLoggingDelegate"	"CtsDevicePolicyManagerTestCases"	"4: encryption DE storage CE"	"([15:/com/android/cts/devicepolicy/MixedDeviceOwnerTest.java]:[CE]:[15]:method_text:[ncryption(ComponentName, boolean)}     * is only allowed for system user.     */    @Override   ])"	"encrypted areas using IV persistent distinct encryption C-1-17 filesystem DE combinations blocks which: initialization storage protecting metadata ensure Have vector CE key keys"	"/home/gpoor/cts-12-source/cts/hostsidetests/devicepolicy/src/com/android/cts/devicepolicy/MixedDeviceOwnerTest.java"			
"9.9.3  . Encryption Methods"	"9.9.3"	"C-1-17"	"9.9.3/C-1-17"		"""C-1-17] MUST ensure that all encrypted filesystem metadata blocks on persistent storage were encrypted using distinct combinations of encryption key and initialization vector (IV). Have keys protecting CE and DE storage areas which:"""		"com.android.cts.devicepolicy.MixedDeviceOwnerTest"	"testLockTask_unaffiliatedUser"	"CtsDevicePolicyManagerTestCases"	"2: DE CE"	"([6:/com/android/cts/devicepolicy/MixedDeviceOwnerTest.java]:[CE]:[6]:method_text:[      ""testSetLockTaskPackagesClearedIfUserBecomesUnaffiliated"",                userId);    }   ])"	"encrypted areas using IV persistent distinct encryption C-1-17 filesystem DE combinations blocks which: initialization storage protecting metadata ensure Have vector CE key keys"	"/home/gpoor/cts-12-source/cts/hostsidetests/devicepolicy/src/com/android/cts/devicepolicy/MixedDeviceOwnerTest.java"			
"9.9.3  . Encryption Methods"	"9.9.3"	"C-1-17"	"9.9.3/C-1-17"		"""C-1-17] MUST ensure that all encrypted filesystem metadata blocks on persistent storage were encrypted using distinct combinations of encryption key and initialization vector (IV). Have keys protecting CE and DE storage areas which:"""		"com.android.cts.devicepolicy.MixedDeviceOwnerTest"	"testDelegatedCertInstallerDeviceIdAttestation"	"CtsDevicePolicyManagerTestCases"	"3: DE CE key"	"([1:/com/android/cts/devicepolicy/MixedDeviceOwnerTest.java]:[key]:[1]:method_text:[eKeyPairWithDeviceIdAttestationExpectingSuccess"", mUserId));    }    @FlakyTest    @Override   ])"	"encrypted areas using IV persistent distinct encryption C-1-17 filesystem DE combinations blocks which: initialization storage protecting metadata ensure Have vector CE key keys"	"/home/gpoor/cts-12-source/cts/hostsidetests/devicepolicy/src/com/android/cts/devicepolicy/MixedDeviceOwnerTest.java"			
"9.9.3  . Encryption Methods"	"9.9.3"	"C-1-17"	"9.9.3/C-1-17"		"""C-1-17] MUST ensure that all encrypted filesystem metadata blocks on persistent storage were encrypted using distinct combinations of encryption key and initialization vector (IV). Have keys protecting CE and DE storage areas which:"""		"com.android.cts.devicepolicy.MixedDeviceOwnerTest"	"testCaCertManagement"	"CtsDevicePolicyManagerTestCases"	"2: DE CE"	"([3:/com/android/cts/devicepolicy/MixedDeviceOwnerTest.java]:[CE]:[3]:method_text:[n {        super.testCaCertManagement();    }    @FlakyTest(bugId = 141161038)    @Override   ])"	"encrypted areas using IV persistent distinct encryption C-1-17 filesystem DE combinations blocks which: initialization storage protecting metadata ensure Have vector CE key keys"	"/home/gpoor/cts-12-source/cts/hostsidetests/devicepolicy/src/com/android/cts/devicepolicy/MixedDeviceOwnerTest.java"			
"9.9.3  . Encryption Methods"	"9.9.3"	"C-1-17"	"9.9.3/C-1-17"		"""C-1-17] MUST ensure that all encrypted filesystem metadata blocks on persistent storage were encrypted using distinct combinations of encryption key and initialization vector (IV). Have keys protecting CE and DE storage areas which:"""		"com.android.cts.devicepolicy.MixedDeviceOwnerTest"	"testCannotRemoveUserIfRestrictionSet"	"CtsDevicePolicyManagerTestCases"	"2: DE CE"	"([1:/com/android/cts/devicepolicy/MixedDeviceOwnerTest.java]:[CE]:[1]:method_text:[tion {        super.testCannotRemoveUserIfRestrictionSet();    }    @FlakyTest    @Override   ])"	"encrypted areas using IV persistent distinct encryption C-1-17 filesystem DE combinations blocks which: initialization storage protecting metadata ensure Have vector CE key keys"	"/home/gpoor/cts-12-source/cts/hostsidetests/devicepolicy/src/com/android/cts/devicepolicy/MixedDeviceOwnerTest.java"			
"9.9.3  . Encryption Methods"	"9.9.3"	"C-1-17"	"9.9.3/C-1-17"		"""C-1-17] MUST ensure that all encrypted filesystem metadata blocks on persistent storage were encrypted using distinct combinations of encryption key and initialization vector (IV). Have keys protecting CE and DE storage areas which:"""		"com.android.cts.devicepolicy.MixedDeviceOwnerTest"	"testWifi"	"CtsDevicePolicyManagerTestCases"	"2: DE CE"	"([6:/com/android/cts/devicepolicy/MixedDeviceOwnerTest.java]:[CE]:[6]:method_text:[_VALUE)                .setAdminPackageName(DEVICE_ADMIN_PKG)                .build());    }   ])"	"encrypted areas using IV persistent distinct encryption C-1-17 filesystem DE combinations blocks which: initialization storage protecting metadata ensure Have vector CE key keys"	"/home/gpoor/cts-12-source/cts/hostsidetests/devicepolicy/src/com/android/cts/devicepolicy/MixedDeviceOwnerTest.java"			
"9.9.3  . Encryption Methods"	"9.9.3"	"C-1-17"	"9.9.3/C-1-17"		"""C-1-17] MUST ensure that all encrypted filesystem metadata blocks on persistent storage were encrypted using distinct combinations of encryption key and initialization vector (IV). Have keys protecting CE and DE storage areas which:"""		"com.android.cts.devicepolicy.MixedDeviceOwnerTest"	"testAdminConfiguredNetworks"	"CtsDevicePolicyManagerTestCases"	"2: DE CE"	"([2:/com/android/cts/devicepolicy/MixedDeviceOwnerTest.java]:[CE]:[2]:method_text:[Exception {        executeDeviceTestClass("".AdminConfiguredNetworksTest"");    }    @Override   ])"	"encrypted areas using IV persistent distinct encryption C-1-17 filesystem DE combinations blocks which: initialization storage protecting metadata ensure Have vector CE key keys"	"/home/gpoor/cts-12-source/cts/hostsidetests/devicepolicy/src/com/android/cts/devicepolicy/MixedDeviceOwnerTest.java"			
"9.9.3  . Encryption Methods"	"9.9.3"	"C-1-17"	"9.9.3/C-1-17"		"""C-1-17] MUST ensure that all encrypted filesystem metadata blocks on persistent storage were encrypted using distinct combinations of encryption key and initialization vector (IV). Have keys protecting CE and DE storage areas which:"""		"com.android.cts.devicepolicy.MixedDeviceOwnerTest"	"testApplicationRestrictions"	"CtsDevicePolicyManagerTestCases"	"2: DE CE"	"([1:/com/android/cts/devicepolicy/MixedDeviceOwnerTest.java]:[CE]:[1]:method_text:[ApplicationRestrictions() throws Exception {        super.testApplicationRestrictions();    }   ])"	"encrypted areas using IV persistent distinct encryption C-1-17 filesystem DE combinations blocks which: initialization storage protecting metadata ensure Have vector CE key keys"	"/home/gpoor/cts-12-source/cts/hostsidetests/devicepolicy/src/com/android/cts/devicepolicy/MixedDeviceOwnerTest.java"			
"9.9.3  . Encryption Methods"	"9.9.3"	"C-1-17"	"9.9.3/C-1-17"		"""C-1-17] MUST ensure that all encrypted filesystem metadata blocks on persistent storage were encrypted using distinct combinations of encryption key and initialization vector (IV). Have keys protecting CE and DE storage areas which:"""		"com.android.cts.devicepolicy.MixedDeviceOwnerTest"	"testSetTime"	"CtsDevicePolicyManagerTestCases"	"2: DE CE"	"([6:/com/android/cts/devicepolicy/MixedDeviceOwnerTest.java]:[CE]:[6]:method_text:[   executeDeviceTestMethod("".TimeManagementTest"", ""testSetTime_failWhenAutoTimeEnabled"");    }   ])"	"encrypted areas using IV persistent distinct encryption C-1-17 filesystem DE combinations blocks which: initialization storage protecting metadata ensure Have vector CE key keys"	"/home/gpoor/cts-12-source/cts/hostsidetests/devicepolicy/src/com/android/cts/devicepolicy/MixedDeviceOwnerTest.java"			
"9.9.3  . Encryption Methods"	"9.9.3"	"C-1-17"	"9.9.3/C-1-17"		"""C-1-17] MUST ensure that all encrypted filesystem metadata blocks on persistent storage were encrypted using distinct combinations of encryption key and initialization vector (IV). Have keys protecting CE and DE storage areas which:"""		"com.android.cts.devicepolicy.MixedDeviceOwnerTest"	"testSetTimeZone"	"CtsDevicePolicyManagerTestCases"	"2: DE CE"	"([16:/com/android/cts/devicepolicy/MixedDeviceOwnerTest.java]:[CE]:[16]:method_text:[new ArrayList<>();        result.add(DELEGATION_NETWORK_LOGGING);        return result;    }   ])"	"encrypted areas using IV persistent distinct encryption C-1-17 filesystem DE combinations blocks which: initialization storage protecting metadata ensure Have vector CE key keys"	"/home/gpoor/cts-12-source/cts/hostsidetests/devicepolicy/src/com/android/cts/devicepolicy/MixedDeviceOwnerTest.java"			
"9.9.3  . Encryption Methods"	"9.9.3"	"C-1-17"	"9.9.3/C-1-17"		"""C-1-17] MUST ensure that all encrypted filesystem metadata blocks on persistent storage were encrypted using distinct combinations of encryption key and initialization vector (IV). Have keys protecting CE and DE storage areas which:"""		"com.android.cts.devicepolicy.MixedDeviceOwnerTest"	"testLockScreenInfo"	"CtsDevicePolicyManagerTestCases"	"2: DE CE"	"([7:/com/android/cts/devicepolicy/MixedDeviceOwnerTest.java]:[CE]:[7]:method_text:[_VALUE)                .setAdminPackageName(DEVICE_ADMIN_PKG)                .build());    }   ])"	"encrypted areas using IV persistent distinct encryption C-1-17 filesystem DE combinations blocks which: initialization storage protecting metadata ensure Have vector CE key keys"	"/home/gpoor/cts-12-source/cts/hostsidetests/devicepolicy/src/com/android/cts/devicepolicy/MixedDeviceOwnerTest.java"			
"9.9.3  . Encryption Methods"	"9.9.3"	"C-1-17"	"9.9.3/C-1-17"		"""C-1-17] MUST ensure that all encrypted filesystem metadata blocks on persistent storage were encrypted using distinct combinations of encryption key and initialization vector (IV). Have keys protecting CE and DE storage areas which:"""		"com.android.cts.devicepolicy.MixedDeviceOwnerTest"	"testFactoryResetProtectionPolicy"	"CtsDevicePolicyManagerTestCases"	"2: DE CE"	"([10:/com/android/cts/devicepolicy/MixedDeviceOwnerTest.java]:[CE]:[10]:method_text:[_VALUE)                .setAdminPackageName(DEVICE_ADMIN_PKG)                .build());    }   ])"	"encrypted areas using IV persistent distinct encryption C-1-17 filesystem DE combinations blocks which: initialization storage protecting metadata ensure Have vector CE key keys"	"/home/gpoor/cts-12-source/cts/hostsidetests/devicepolicy/src/com/android/cts/devicepolicy/MixedDeviceOwnerTest.java"			
"9.9.3  . Encryption Methods"	"9.9.3"	"C-1-17"	"9.9.3/C-1-17"		"""C-1-17] MUST ensure that all encrypted filesystem metadata blocks on persistent storage were encrypted using distinct combinations of encryption key and initialization vector (IV). Have keys protecting CE and DE storage areas which:"""		"com.android.cts.devicepolicy.MixedDeviceOwnerTest"	"testCommonCriteriaMode"	"CtsDevicePolicyManagerTestCases"	"2: DE CE"	"([2:/com/android/cts/devicepolicy/MixedDeviceOwnerTest.java]:[CE]:[2]:method_text:[ows Exception {        executeDeviceTestClass("".CommonCriteriaModeTest"");    }    @LargeTest   ])"	"encrypted areas using IV persistent distinct encryption C-1-17 filesystem DE combinations blocks which: initialization storage protecting metadata ensure Have vector CE key keys"	"/home/gpoor/cts-12-source/cts/hostsidetests/devicepolicy/src/com/android/cts/devicepolicy/MixedDeviceOwnerTest.java"			
"9.9.3  . Encryption Methods"	"9.9.3"	"C-1-17"	"9.9.3/C-1-17"		"""C-1-17] MUST ensure that all encrypted filesystem metadata blocks on persistent storage were encrypted using distinct combinations of encryption key and initialization vector (IV). Have keys protecting CE and DE storage areas which:"""		"com.android.cts.devicepolicy.MixedDeviceOwnerTest"	"testSystemUpdatePolicy"	"CtsDevicePolicyManagerTestCases"	"2: DE CE"	"([2:/com/android/cts/devicepolicy/MixedDeviceOwnerTest.java]:[CE]:[2]:method_text:[hrows Exception {        executeDeviceTestClass("".systemupdate.SystemUpdatePolicyTest"");    }   ])"	"encrypted areas using IV persistent distinct encryption C-1-17 filesystem DE combinations blocks which: initialization storage protecting metadata ensure Have vector CE key keys"	"/home/gpoor/cts-12-source/cts/hostsidetests/devicepolicy/src/com/android/cts/devicepolicy/MixedDeviceOwnerTest.java"			
"9.9.3  . Encryption Methods"	"9.9.3"	"C-1-17"	"9.9.3/C-1-17"		"""C-1-17] MUST ensure that all encrypted filesystem metadata blocks on persistent storage were encrypted using distinct combinations of encryption key and initialization vector (IV). Have keys protecting CE and DE storage areas which:"""		"com.android.cts.devicepolicy.MixedDeviceOwnerTest"	"testInstallUpdate"	"CtsDevicePolicyManagerTestCases"	"2: DE CE"	"([6:/com/android/cts/devicepolicy/MixedDeviceOwnerTest.java]:[CE]:[6]:method_text:[teFileToDevice(""wrongSize.zip"");        executeInstallUpdateTest(/* testName= */ null);    }   ])"	"encrypted areas using IV persistent distinct encryption C-1-17 filesystem DE combinations blocks which: initialization storage protecting metadata ensure Have vector CE key keys"	"/home/gpoor/cts-12-source/cts/hostsidetests/devicepolicy/src/com/android/cts/devicepolicy/MixedDeviceOwnerTest.java"			
"9.9.3  . Encryption Methods"	"9.9.3"	"C-1-17"	"9.9.3/C-1-17"		"""C-1-17] MUST ensure that all encrypted filesystem metadata blocks on persistent storage were encrypted using distinct combinations of encryption key and initialization vector (IV). Have keys protecting CE and DE storage areas which:"""		"com.android.cts.devicepolicy.MixedDeviceOwnerTest"	"testSecurityLoggingEnabledLogged"	"CtsDevicePolicyManagerTestCases"	"2: DE CE"	"([8:/com/android/cts/devicepolicy/MixedDeviceOwnerTest.java]:[CE]:[8]:method_text:[e(DEVICE_ADMIN_PKG)                    .setBoolean(false)                    .build());    }   ])"	"encrypted areas using IV persistent distinct encryption C-1-17 filesystem DE combinations blocks which: initialization storage protecting metadata ensure Have vector CE key keys"	"/home/gpoor/cts-12-source/cts/hostsidetests/devicepolicy/src/com/android/cts/devicepolicy/MixedDeviceOwnerTest.java"			
"9.9.3  . Encryption Methods"	"9.9.3"	"C-1-17"	"9.9.3/C-1-17"		"""C-1-17] MUST ensure that all encrypted filesystem metadata blocks on persistent storage were encrypted using distinct combinations of encryption key and initialization vector (IV). Have keys protecting CE and DE storage areas which:"""		"com.android.cts.devicepolicy.MixedDeviceOwnerTest"	"testSecurityLoggingWithTwoUsers"	"CtsDevicePolicyManagerTestCases"	"2: DE CE"	"([8:/com/android/cts/devicepolicy/MixedDeviceOwnerTest.java]:[CE]:[8]:method_text:[xecuteDeviceTestMethod("".SecurityLoggingTest"", ""testDisablingSecurityLogging"");        }    }   ])"	"encrypted areas using IV persistent distinct encryption C-1-17 filesystem DE combinations blocks which: initialization storage protecting metadata ensure Have vector CE key keys"	"/home/gpoor/cts-12-source/cts/hostsidetests/devicepolicy/src/com/android/cts/devicepolicy/MixedDeviceOwnerTest.java"			
"9.9.3  . Encryption Methods"	"9.9.3"	"C-1-17"	"9.9.3/C-1-17"		"""C-1-17] MUST ensure that all encrypted filesystem metadata blocks on persistent storage were encrypted using distinct combinations of encryption key and initialization vector (IV). Have keys protecting CE and DE storage areas which:"""		"com.android.cts.devicepolicy.MixedDeviceOwnerTest"	"testLocationPermissionGrantNotifies"	"CtsDevicePolicyManagerTestCases"	"2: DE CE"	"([2:/com/android/cts/devicepolicy/MixedDeviceOwnerTest.java]:[CE]:[2]:method_text:[       ""testPermissionGrantStateGranted_userNotifiedOfLocationPermission"");    }    @Override   ])"	"encrypted areas using IV persistent distinct encryption C-1-17 filesystem DE combinations blocks which: initialization storage protecting metadata ensure Have vector CE key keys"	"/home/gpoor/cts-12-source/cts/hostsidetests/devicepolicy/src/com/android/cts/devicepolicy/MixedDeviceOwnerTest.java"			
"9.9.3  . Encryption Methods"	"9.9.3"	"C-1-17"	"9.9.3/C-1-17"		"""C-1-17] MUST ensure that all encrypted filesystem metadata blocks on persistent storage were encrypted using distinct combinations of encryption key and initialization vector (IV). Have keys protecting CE and DE storage areas which:"""		"com.android.cts.devicepolicy.MixedDeviceOwnerTest"	"testAdminControlOverSensorPermissionGrantsDefault"	"CtsDevicePolicyManagerTestCases"	"2: DE CE"	"([3:/com/android/cts/devicepolicy/MixedDeviceOwnerTest.java]:[CE]:[3]:method_text:[rmissionGrantTest"",                ""testAdminCanGrantSensorsPermissions"");    }    @Override   ])"	"encrypted areas using IV persistent distinct encryption C-1-17 filesystem DE combinations blocks which: initialization storage protecting metadata ensure Have vector CE key keys"	"/home/gpoor/cts-12-source/cts/hostsidetests/devicepolicy/src/com/android/cts/devicepolicy/MixedDeviceOwnerTest.java"			
"9.9.3  . Encryption Methods"	"9.9.3"	"C-1-17"	"9.9.3/C-1-17"		"""C-1-17] MUST ensure that all encrypted filesystem metadata blocks on persistent storage were encrypted using distinct combinations of encryption key and initialization vector (IV). Have keys protecting CE and DE storage areas which:"""		"com.android.cts.devicepolicy.MixedDeviceOwnerTest"	"testGrantOfSensorsRelatedPermissions"	"CtsDevicePolicyManagerTestCases"	"2: DE CE"	"([1:/com/android/cts/devicepolicy/MixedDeviceOwnerTest.java]:[CE]:[1]:method_text:[for now, re-enable when the code path sets DO as able to grant permissions.    }    @Override   ])"	"encrypted areas using IV persistent distinct encryption C-1-17 filesystem DE combinations blocks which: initialization storage protecting metadata ensure Have vector CE key keys"	"/home/gpoor/cts-12-source/cts/hostsidetests/devicepolicy/src/com/android/cts/devicepolicy/MixedDeviceOwnerTest.java"			
"9.9.3  . Encryption Methods"	"9.9.3"	"C-1-17"	"9.9.3/C-1-17"		"""C-1-17] MUST ensure that all encrypted filesystem metadata blocks on persistent storage were encrypted using distinct combinations of encryption key and initialization vector (IV). Have keys protecting CE and DE storage areas which:"""		"com.android.cts.devicepolicy.MixedDeviceOwnerTest"	"testSensorsRelatedPermissionsNotGrantedViaPolicy"	"CtsDevicePolicyManagerTestCases"	"2: DE CE"	"([1:/com/android/cts/devicepolicy/MixedDeviceOwnerTest.java]:[CE]:[1]:method_text:[for now, re-enable when the code path sets DO as able to grant permissions.    }    @Override   ])"	"encrypted areas using IV persistent distinct encryption C-1-17 filesystem DE combinations blocks which: initialization storage protecting metadata ensure Have vector CE key keys"	"/home/gpoor/cts-12-source/cts/hostsidetests/devicepolicy/src/com/android/cts/devicepolicy/MixedDeviceOwnerTest.java"			
"9.9.3  . Encryption Methods"	"9.9.3"	"C-1-17"	"9.9.3/C-1-17"		"""C-1-17] MUST ensure that all encrypted filesystem metadata blocks on persistent storage were encrypted using distinct combinations of encryption key and initialization vector (IV). Have keys protecting CE and DE storage areas which:"""		"com.android.cts.devicepolicy.MixedDeviceOwnerTest"	"testStateOfSensorsRelatedPermissionsCannotBeRead"	"CtsDevicePolicyManagerTestCases"	"2: DE CE"	"([1:/com/android/cts/devicepolicy/MixedDeviceOwnerTest.java]:[CE]:[1]:method_text:[n state.    }    //TODO(b/180413140) Investigate why the test fails on DO mode.    @Override   ])"	"encrypted areas using IV persistent distinct encryption C-1-17 filesystem DE combinations blocks which: initialization storage protecting metadata ensure Have vector CE key keys"	"/home/gpoor/cts-12-source/cts/hostsidetests/devicepolicy/src/com/android/cts/devicepolicy/MixedDeviceOwnerTest.java"			
"9.9.3  . Encryption Methods"	"9.9.3"	"C-1-17"	"9.9.3/C-1-17"		"""C-1-17] MUST ensure that all encrypted filesystem metadata blocks on persistent storage were encrypted using distinct combinations of encryption key and initialization vector (IV). Have keys protecting CE and DE storage areas which:"""		"com.android.cts.devicepolicy.MixedDeviceOwnerTest"	"testPermissionPrompts"	"CtsDevicePolicyManagerTestCases"	"2: DE CE"	"([1:/com/android/cts/devicepolicy/MixedDeviceOwnerTest.java]:[CE]:[1]:method_text:[    public void testPermissionPrompts() throws Exception {    }    @Override    ])"	"encrypted areas using IV persistent distinct encryption C-1-17 filesystem DE combinations blocks which: initialization storage protecting metadata ensure Have vector CE key keys"	"/home/gpoor/cts-12-source/cts/hostsidetests/devicepolicy/src/com/android/cts/devicepolicy/MixedDeviceOwnerTest.java"			
"9.9.3  . Encryption Methods"	"9.9.3"	"C-1-17"	"9.9.3/C-1-17"		"""C-1-17] MUST ensure that all encrypted filesystem metadata blocks on persistent storage were encrypted using distinct combinations of encryption key and initialization vector (IV). Have keys protecting CE and DE storage areas which:"""		"com.android.cts.devicepolicy.MixedDeviceOwnerTest"	"testGetPasswordExpiration"	"CtsDevicePolicyManagerTestCases"	"2: DE CE"	"([1:/com/android/cts/devicepolicy/MixedDeviceOwnerTest.java]:[CE]:[1]:method_text:[dExpiration() throws Exception {        super.testGetPasswordExpiration();    }    @Override   ])"	"encrypted areas using IV persistent distinct encryption C-1-17 filesystem DE combinations blocks which: initialization storage protecting metadata ensure Have vector CE key keys"	"/home/gpoor/cts-12-source/cts/hostsidetests/devicepolicy/src/com/android/cts/devicepolicy/MixedDeviceOwnerTest.java"			
"9.9.3  . Encryption Methods"	"9.9.3"	"C-1-17"	"9.9.3/C-1-17"		"""C-1-17] MUST ensure that all encrypted filesystem metadata blocks on persistent storage were encrypted using distinct combinations of encryption key and initialization vector (IV). Have keys protecting CE and DE storage areas which:"""		"com.android.cts.devicepolicy.MixedDeviceOwnerTest"	"testPasswordExpiration"	"CtsDevicePolicyManagerTestCases"	"2: DE CE"	"([1:/com/android/cts/devicepolicy/MixedDeviceOwnerTest.java]:[CE]:[1]:method_text:[wordExpiration() throws Exception {        super.testPasswordExpiration();    }    @Override   ])"	"encrypted areas using IV persistent distinct encryption C-1-17 filesystem DE combinations blocks which: initialization storage protecting metadata ensure Have vector CE key keys"	"/home/gpoor/cts-12-source/cts/hostsidetests/devicepolicy/src/com/android/cts/devicepolicy/MixedDeviceOwnerTest.java"			
"9.9.3  . Encryption Methods"	"9.9.3"	"C-1-17"	"9.9.3/C-1-17"		"""C-1-17] MUST ensure that all encrypted filesystem metadata blocks on persistent storage were encrypted using distinct combinations of encryption key and initialization vector (IV). Have keys protecting CE and DE storage areas which:"""		"com.android.cts.devicepolicy.MixedDeviceOwnerTest"	"testResetPasswordWithToken"	"CtsDevicePolicyManagerTestCases"	"2: DE CE"	"([1:/com/android/cts/devicepolicy/MixedDeviceOwnerTest.java]:[CE]:[1]:method_text:[dWithToken() throws Exception {        super.testResetPasswordWithToken();    }    @Override   ])"	"encrypted areas using IV persistent distinct encryption C-1-17 filesystem DE combinations blocks which: initialization storage protecting metadata ensure Have vector CE key keys"	"/home/gpoor/cts-12-source/cts/hostsidetests/devicepolicy/src/com/android/cts/devicepolicy/MixedDeviceOwnerTest.java"			
"9.9.3  . Encryption Methods"	"9.9.3"	"C-1-17"	"9.9.3/C-1-17"		"""C-1-17] MUST ensure that all encrypted filesystem metadata blocks on persistent storage were encrypted using distinct combinations of encryption key and initialization vector (IV). Have keys protecting CE and DE storage areas which:"""		"com.android.cts.devicepolicy.MixedDeviceOwnerTest"	"testResetPasswordDeprecated"	"CtsDevicePolicyManagerTestCases"	"2: DE CE"	"([1:/com/android/cts/devicepolicy/MixedDeviceOwnerTest.java]:[CE]:[1]:method_text:[eprecated() throws Exception {        super.testResetPasswordDeprecated();    }    @Override   ])"	"encrypted areas using IV persistent distinct encryption C-1-17 filesystem DE combinations blocks which: initialization storage protecting metadata ensure Have vector CE key keys"	"/home/gpoor/cts-12-source/cts/hostsidetests/devicepolicy/src/com/android/cts/devicepolicy/MixedDeviceOwnerTest.java"			
"9.9.3  . Encryption Methods"	"9.9.3"	"C-1-17"	"9.9.3/C-1-17"		"""C-1-17] MUST ensure that all encrypted filesystem metadata blocks on persistent storage were encrypted using distinct combinations of encryption key and initialization vector (IV). Have keys protecting CE and DE storage areas which:"""		"com.android.cts.devicepolicy.MixedDeviceOwnerTest"	"testInstallCaCertLogged"	"CtsDevicePolicyManagerTestCases"	"1: CE"	"([3:/com/android/cts/devicepolicy/MixedDeviceOwnerTest.java]:[CE]:[3]:method_text:[ws Exception {        super.testInstallCaCertLogged();    }    @FlakyTest(bugId = 137088260)   ])"	"encrypted areas using IV persistent distinct encryption C-1-17 filesystem DE combinations blocks which: initialization storage protecting metadata ensure Have vector CE key keys"	"/home/gpoor/cts-12-source/cts/hostsidetests/devicepolicy/src/com/android/cts/devicepolicy/MixedDeviceOwnerTest.java"			
