"Section"	"section_id"	"req_id"	"key_as_number"	"full_key"	"requirement"	""	""	""	""	""	""	""	""	""	""	""
""	"1.1.2"	"C-0-1"	"01010200.670001"	"1.1.2/C-0-1"	"""SR] but ID is not assigned. The ID consists of : Device Type ID - Condition ID - Requirement ID (e.g. C-0-1). Each ID is defined as below: Device Type ID (see more in 2. Device Types) C: Core (Requirements that are applied to all Android device implementations) H: Android Handheld device T: Android Television device A: Android Automotive implementation W: Android Watch implementation Tab: Android Tablet implementation Condition ID When the requirement is unconditional, this ID is set as 0. When the requirement is conditional, 1 is assigned for the 1st condition and the number increments by 1 within the same section and the same device type. Requirement ID This ID starts from 1 and increments by 1 within the same section and the same condition. <h4 id=""113_requirement_id_in_section_2"" """	""	""	""	""	""	""	""	""	""	""	""
""	"1.1.3"	"A-0-1"	"01010300.650001"	"1.1.3/A-0-1"	"""data-text=""1.1.3. Requirement ID in Section 2"">1.1.3. Requirement ID in Section 2 The Requirement IDs in Section 2 have two parts. The first corresponds to a section ID as described above. The second part identifies the form factor and the form-factor specific requirement. section ID that is followed by the Requirement ID described above. The ID in Section 2 consists of : Section ID / Device Type ID - Condition ID - Requirement ID (e.g. 7.4.3/A-0-1). <h2 id=""2_device_types"" """	""	""	""	""	""	""	""	""	""	""	""
""	"10.1"	"C-0-1"	"10010000.670001"	"10.1/C-0-1"	"""C-0-1] MUST pass the Android Compatibility Test Suite (CTS) available from the Android Open Source Project, using the final shipping software on the device."""	""	""	""	""	""	""	""	""	""	""	""
""	"10.1"	"C-0-2"	"10010000.670002"	"10.1/C-0-2"	"""C-0-2] MUST ensure compatibility in cases of ambiguity in CTS and for any reimplementations of parts of the reference source code. The CTS is designed to be run on an actual device. Like any software, the CTS may itself contain bugs. The CTS will be versioned independently of this Compatibility Definition, and multiple revisions of the CTS may be released for Android 12. Device implementations:"""	""	""	""	""	""	""	""	""	""	""	""
""	"10.1"	"C-0-3"	"10010000.670003"	"10.1/C-0-3"	"""C-0-3] MUST pass the latest CTS version available at the time the device software is completed. SHOULD use the reference implementation in the Android Open Source tree as much as possible. <h3 id=""102_cts_verifier"" """	""	""	""	""	""	""	""	""	""	""	""
""	"10.2"	"C-0-1"	"10020000.670001"	"10.2/C-0-1"	"""C-0-1] MUST correctly execute all applicable cases in the CTS verifier. The CTS Verifier has tests for many kinds of hardware, including some hardware that is optional. Device implementations:"""	""	""	""	""	""	""	""	""	""	""	""
""	"10.2"	"C-0-2"	"10020000.670002"	"10.2/C-0-2"	"""C-0-2] MUST pass all tests for hardware that they possess; for instance, if a device possesses an accelerometer, it MUST correctly execute the Accelerometer test case in the CTS Verifier. Test cases for features noted as optional by this Compatibility Definition Document MAY be skipped or omitted. | C-0-2] Every device and every build MUST correctly run the CTS Verifier, as noted above. However, since many builds are very similar, device implementers are not expected to explicitly run the CTS Verifier on builds that differ only in trivial ways. Specifically, device implementations that differ from an implementation that has passed the CTS Verifier only by the set of included locales, branding, etc. MAY omit the CTS Verifier test. <h2 id=""11_updatable_software"" """	""	""	""	""	""	""	""	""	""	""	""
""	"11"	"C-0-1"	"11000000.670001"	"11/C-0-1"	"""C-0-1] Device implementations MUST include a mechanism to replace the entirety of the system software. The mechanism need not perform “live” upgrades—that is, a device restart MAY be required. Any method can be used, provided that it can replace the entirety of the software preinstalled on the device. For instance, any of the following approaches will satisfy this requirement: “Over-the-air (OTA)” downloads with offline update via reboot. “Tethered” updates over USB from a host PC. “Offline” updates via a reboot and update from a file on removable storage."""	""	""	""	""	""	""	""	""	""	""	""
""	"11"	"C-0-2"	"11000000.670002"	"11/C-0-2"	"""C-0-2] The update mechanism used MUST support updates without wiping user data. That is, the update mechanism MUST preserve application private data and application shared data. Note that the upstream Android software includes an update mechanism that satisfies this requirement."""	""	""	""	""	""	""	""	""	""	""	""
""	"11"	"C-0-3"	"11000000.670003"	"11/C-0-3"	"""C-0-3] The entire update MUST be signed and the on-device update mechanism MUST verify the update and signature against a public key stored on device."""	""	""	""	""	""	""	""	""	""	""	""
""	"11"	"C-1-1"	"11000000.670101"	"11/C-1-1"	"""C-1-1] MUST support OTA downloads with offline update via reboot. For device implementations that are launching with Android 6.0 and later, the update mechanism SHOULD support verifying that the system image is binary identical to expected result following an OTA. The block-based OTA implementation in the upstream Android Open Source Project, added since Android 5.1, satisfies this requirement. Also, device implementations SHOULD support A/B system updates. The AOSP implements this feature using the boot control HAL. If an error is found in a device implementation after it has been released but within its reasonable product lifetime that is determined in consultation with the Android Compatibility Team to affect the compatibility of third-party applications, then:"""	""	""	""	""	""	""	""	""	""	""	""
""	"11"	"C-2-1"	"11000000.670201"	"11/C-2-1"	"""C-2-1] The device implementer MUST correct the error via a software update available that can be applied per the mechanism just described. Android includes features that allow the Device Owner app (if present) to control the installation of system updates. If the system update subsystem for devices report android.software.device_admin then, they:"""	""	""	""	""	""	""	""	""	""	""	""
""	"11"	"C-3-1"	"11000000.670301"	"11/C-3-1"	"""C-3-1] MUST implement the behavior described in the SystemUpdatePolicy class. <h2 id=""12_document_changelog"" """	""	""	""	""	""	""	""	""	""	""	""
""	"3.1.1"	"C-0-1"	"03010100.670001"	"3.1.1/C-0-1"	"""C-0-1] MUST preload the AOSP implementation of both the shared library ExtShared and services ExtServices with versions greater than or equal to the minimum versions allowed per each API level. For example, Android 7.0 device implementations, running API level 24 MUST include at least version 1."""	""	""	""	""	""	""	""	""	""	""	""
""	"3.2.3.5"	"C-10-1"	"03020305.671001"	"3.2.3.5/C-10-1"	"""C-10-1] MUST provide a user interface in the settings, that handles the Settings.ACTION_IGNORE_BACKGROUND_DATA_RESTRICTIONS_SETTINGS intent, allowing users to add applications to or remove applications from the allow list. If device implementations do not provide the data saver mode, they:"""	""	""	""	""	""	""	""	""	""	""	""
""	"3.2.3.5"	"C-12-2"	"03020305.671202"	"3.2.3.5/C-12-2"	"""C-12-2] MUST honor the android.media.action.VIDEO_CAMERA intent to launch the camera in video mode as described in the SDK."""	""	""	""	""	""	""	""	""	""	""	""
""	"3.2.3.5"	"C-12-3"	"03020305.671203"	"3.2.3.5/C-12-3"	"""C-12-3] MUST honor only allow preinstalled Android applications to handle the following intents MediaStore.ACTION_IMAGE_CAPTURE, MediaStore.ACTION_IMAGE_CAPTURE_SECURE, and MediaStore.ACTION_VIDEO_CAPTURE as described in the SDK document. If device implementations report android.software.device_admin, they:"""	""	""	""	""	""	""	""	""	""	""	""
""	"3.2.3.5"	"C-16-1"	"03020305.671601"	"3.2.3.5/C-16-1"	"""C-16-1] MUST surface such links for all installed autofill services. If device implementations report the feature android.hardware.audio.output, they:"""	""	""	""	""	""	""	""	""	""	""	""
""	"3.5.1"	"C-1-10"	"03050100.670110"	"3.5.1/C-1-10"	"""C-1-10] MUST NOT allow an app to be automatically placed in the RESTRICTED bucket within 2 hours of the most recent usage by a user. If device implementations extend the app restrictions that are implemented in AOSP, they:"""	""	""	""	""	""	""	""	""	""	""	""
""	"3.5.1"	"C-2-1"	"03050100.670201"	"3.5.1/C-2-1"	"""C-2-1]MUST follow the implementation described in this document. <h4 id=""352_application_hibernation"" """	""	""	""	""	""	""	""	""	""	""	""
""	"3.5.2"	"C-1-1"	"03050200.670101"	"3.5.2/C-1-1"	"""C-1-1] MUST meet all the requirements in section 3.5.1 except for"""	""	""	""	""	""	""	""	""	""	""	""
""	"3.5.2"	"C-1-2"	"03050200.670102"	"3.5.2/C-1-2"	"""C-1-2] MUST only apply the restriction on the app for a user when there is evidence that the user has not used the app for some period of time. This duration is STRONGLY RECOMMENDED to be one month or longer. Usage MUST be defined by either explicit user interaction via the"""	""	""	""	""	""	""	""	""	""	""	""
""	"3.5.2"	"C-1-3"	"03050200.670103"	"3.5.2/C-1-3"	"""C-1-3]. | C-1-3] MUST only apply restrictions affecting all device users when there is evidence that the package has not been used by ANY user for some period of time. This duration is STRONGLY RECOMMENDED to be one month or longer."""	""	""	""	""	""	""	""	""	""	""	""
""	"3.5.2"	"C-1-4"	"03050200.670104"	"3.5.2/C-1-4"	"""C-1-4] MUST NOT render the app unable to respond to activity intents, service bindings, content provider requests, or explicit broadcasts. App Hibernation in AOSP meets the above requirements. <h3 id=""36_api_namespaces"" """	""	""	""	""	""	""	""	""	""	""	""
""	"3.5.2"	"C-1-6"	"03050200.670106"	"3.5.2/C-1-6"	"""C-1-6] and"""	""	""	""	""	""	""	""	""	""	""	""
""	"3.5"	"C-0-10"	"03050000.670010"	"3.5/C-0-10"	"""C-0-10] MUST NOT implement the whitelisting approach that ensures API behavioral compatibility only for apps that are selected by device implementers. The behaviors of each of the API types (managed, soft, native, and web) must be consistent with the preferred implementation of the upstream Android Open Source Project. Some specific areas of compatibility are:"""	""	""	""	""	""	""	""	""	""	""	""
""	"3.6"	"C-1-1"	"03060000.670101"	"3.6/C-1-1"	"""C-1-1] MUST NOT be in a NDK library or a library owned by another organization as described here. If a device implementer proposes to improve one of the package namespaces above (such as by adding useful new functionality to an existing API, or adding a new API), the implementer SHOULD visit source.android.com and begin the process for contributing changes and code, according to the information on that site. Note that the restrictions above correspond to standard conventions for naming APIs in the Java programming language; this section simply aims to reinforce those conventions and make them binding through inclusion in this Compatibility Definition. <h3 id=""37_runtime_compatibility"" """	""	""	""	""	""	""	""	""	""	""	""
""	"3.7"	"C-0-1"	"03070000.670001"	"3.7/C-0-1"	"""C-0-1] MUST support the full Dalvik Executable (DEX) format and Dalvik bytecode specification and semantics."""	""	""	""	""	""	""	""	""	""	""	""
""	"3.8.13"	"C-1-3"	"03081300.670103"	"3.8.13/C-1-3"	"""C-1-3] MUST NOT remove or modify NotoColorEmoji.tff in the system image. (It is acceptable to add a new emoji font to override emoji in NotoColorEmoji.tff) SHOULD support the skin tone and diverse family emojis as specified in the Unicode Technical Report #51. If device implementations include an IME, they: SHOULD provide an input method to the user for these emoji characters. Android includes support to render Myanmar fonts. Myanmar has several non-Unicode compliant fonts, commonly known as “Zawgyi,” for rendering Myanmar languages. If device implementations include support for Burmese, they: *"""	""	""	""	""	""	""	""	""	""	""	""
""	"3.8.14"	"C-1-4"	"03081400.670104"	"3.8.14/C-1-4"	"""C-1-4] An activity MUST NOT be resized to a size smaller than 220dp in multi-window modes other than Picture-in-Picture. Device implementations with screen size xlarge SHOULD support freeform mode. If device implementations support multi-window mode(s), and the split screen mode, they:"""	""	""	""	""	""	""	""	""	""	""	""
""	"3.8.3.1"	"C-1-7"	"03080301.670107"	"3.8.3.1/C-1-7"	"""C-1-7] MUST correctly render all resources (images, stickers, icons, etc.) provided through Notification.MessagingStyle alongside the notification text without additional user interaction. For example, MUST show all resources including icons provided through android.app.Person in a group conversation that is set through setGroupConversation."""	""	""	""	""	""	""	""	""	""	""	""
""	"3.9.1"	"C-1-1"	"03090100.670101"	"3.9.1/C-1-1"	"""C-1-1] MUST support enrolling a Device Policy Client (DPC) as a Device Owner app as described below: When the device implementation has no user data configured yet, it: | C-1-1] MUST implement the APIs allowing a Device Policy Controller (DPC) application to become the owner of a new Managed Profile."""	""	""	""	""	""	""	""	""	""	""	""
""	"3.9.1"	"C-1-2"	"03090100.670102"	"3.9.1/C-1-2"	"""C-1-2] MUST require some affirmative action before or during the provisioning process to consent to the app being set as Device Owner. Consent can be via user action or by some programmatic means but appropriate disclosure notice (as referenced in AOSP) MUST be shown before device owner provisioning is initiated. Also, the programmatic device owner consent mechanism used (by enterprises) for device owner provisioning MUST NOT interfere with the Out-Of-Box Experience for non-enterprise use. | C-1-2] The managed profile provisioning process (the flow initiated by the DPC using the android.app.action.PROVISION_MANAGED_PROFILE) or by the platform), consent screen and user experience MUST align with the AOSP implementation."""	""	""	""	""	""	""	""	""	""	""	""
""	"3.9.1"	"C-1-3"	"03090100.670103"	"3.9.1/C-1-3"	"""C-1-3] MUST NOT hard code the consent or prevent the use of other device owner apps. If device implementations declare android.software.device_admin, but also include a proprietary Device Owner management solution and provide a mechanism to promote an application configured in their solution as a &quot;Device Owner equivalent&quot; to the standard &quot;Device Owner&quot; as recognized by the standard Android DevicePolicyManager APIs, they: | C-1-3] MUST provide the following user affordances within the Settings to indicate to the user when a particular system function has been disabled by the Device Policy Controller (DPC): A consistent icon or other user affordance (for example the upstream AOSP info icon) to represent when a particular setting is restricted by a Device Admin. A short explanation message, as provided by the Device Admin via the setShortSupportMessage. The DPC application’s icon."""	""	""	""	""	""	""	""	""	""	""	""
""	"3.9.1"	"C-1-4"	"03090100.670104"	"3.9.1/C-1-4"	"""C-1-4] MUST launch the handler for ACTION_PROVISIONING_SUCCESSFUL intent in the work profile if a Profile Owner is established when provisioning is initiated by the android.app.action.PROVISION_MANAGED_PROFILE intent and the DPC has implemented the handler."""	""	""	""	""	""	""	""	""	""	""	""
""	"3.9.1"	"C-1-5"	"03090100.670105"	"3.9.1/C-1-5"	"""C-1-5] MUST enroll the DPC application as the Device Owner app if the device declares Near-Field Communications (NFC) support via the feature flag android.hardware.nfc and receives an NFC message containing a record with MIME type MIME_TYPE_PROVISIONING_NFC. | C-1-5] MUST send ACTION_PROFILE_PROVISIONING_COMPLETE broadcast to the work profile DPC when provisioning is initiated by the android.app.action.PROVISION_MANAGED_PROFILE intent."""	""	""	""	""	""	""	""	""	""	""	""
""	"3.9.1"	"C-1-6"	"03090100.670106"	"3.9.1/C-1-6"	"""C-1-6] MUST send the ACTION_GET_PROVISIONING_MODE intent after profile owner provisioning is triggered so that the DPC app can choose whether to become a Device Owner or a Profile Owner execpt when provisioning is triggered by the intent android.app.action.PROVISION_MANAGED_PROFILE."""	""	""	""	""	""	""	""	""	""	""	""
""	"3.9.1"	"C-1-7"	"03090100.670107"	"3.9.1/C-1-7"	"""C-1-7] MUST not enroll any DPC application as the Device Owner App any more. | C-1-7] MUST send the ACTION_ADMIN_POLICY_COMPLIANCE intent to the work profile when a Profile Owner is established during provisioning regardless of which provisioning method is used except when provisioning is triggered by the intent android.app.action.PROVISION_MANAGED_PROFILE. The user must not be able proceed in the Setup Wizard until the Profile Owner app finishes."""	""	""	""	""	""	""	""	""	""	""	""
""	"3.9.1"	"C-1-8"	"03090100.670108"	"3.9.1/C-1-8"	"""C-1-8] MUST send the ACTION_GET_PROVISIONING_MODE intent after device owner provisioning is triggered so that the DPC app can choose whether to become a Device Owner or a Profile Owner unless it can be determined from context that there is only one valid option (such as for NFC based provisioning where Profile Owner provisioning is not supported). | C-1-8] MUST send ACTION_MANAGED_PROFILE_PROVISIONED broadcast to the personal profile DPC when a Profile Owner is established, regardless of the provisioning method used. <h4 id=""392_managed_profile_support"" """	""	""	""	""	""	""	""	""	""	""	""
""	"3.9.1"	"C-1-9"	"03090100.670109"	"3.9.1/C-1-9"	"""C-1-9] MUST send the ACTION_ADMIN_POLICY_COMPLIANCE intent to the Device Owner app if a Device Owner is established during provisioning regardless of the provisioning method used. The user must not be able to proceed in the Setup Wizard until the Device Owner app finishes. When the device implementation has user data, it:"""	""	""	""	""	""	""	""	""	""	""	""
""	"3.9.1"	"C-2-1"	"03090100.670201"	"3.9.1/C-2-1"	"""C-2-1] MUST have a process in place to verify that the specific app being promoted belongs to a legitimate enterprise device management solution and it has been already configured in the proprietary solution to have the rights equivalent as a &quot;Device Owner&quot;."""	""	""	""	""	""	""	""	""	""	""	""
""	"3.9.1"	"C-2-2"	"03090100.670202"	"3.9.1/C-2-2"	"""C-2-2] MUST show the same AOSP Device Owner consent disclosure as the flow initiated by android.app.action.PROVISION_MANAGED_DEVICE prior to enrolling the DPC application as &quot;Device Owner&quot;. MAY have user data on the device prior to enrolling the DPC application as &quot;Device Owner&quot;. <h5 id=""3912_managed_profile_provisioning"" """	""	""	""	""	""	""	""	""	""	""	""
""	"3.9.3"	"A-1-1"	"03090300.650101"	"3.9.3/A-1-1"	"""[3.9.3/A-1-1] MUST implement all of the User lifecycle properties INITIAL_USER_INFO, SWITCH_USER, CREATE_USER, REMOVE_USER. Automotive device implementations: """	""	""	""	""	""	""	""	""	""	""	""
""	"3.9"	"C-1-1"	"03090000.670101"	"3.9/C-1-1"	"""C-1-1] MUST declare android.software.device_admin. | C-1-1] MUST support managed profiles via the android.app.admin.DevicePolicyManager APIs. | C-1-1] MUST provide a user affordance to logout from the current user and switch back to the primary user in multiple-user session when isLogoutEnabled returns true. The user affordance MUST be accessible from the lockscreen without unlocking the device. If device implementations declare android.software.device_admin and provide an on-device user affordance to add additional secondary Users, they:"""	""	""	""	""	""	""	""	""	""	""	""
""	"3.9"	"C-1-2"	"03090000.670102"	"3.9/C-1-2"	"""C-1-2] MUST support device owner provisioning as described in section 3.9.1 and section 3.9.1.1. <h4 id=""391_device_provisioning""  | C-1-2] MUST allow one and only one managed profile to be created."""	""	""	""	""	""	""	""	""	""	""	""
""	"3.9"	"C-1-3"	"03090000.670103"	"3.9/C-1-3"	"""C-1-3] MUST use an icon badge (similar to the AOSP upstream work badge) to represent the managed applications and widgets and other badged UI elements like Recents &amp; Notifications."""	""	""	""	""	""	""	""	""	""	""	""
""	"3.9"	"C-1-4"	"03090000.670104"	"3.9/C-1-4"	"""C-1-4] MUST display a notification icon (similar to the AOSP upstream work badge) to indicate when user is within a managed profile application."""	""	""	""	""	""	""	""	""	""	""	""
""	"3.9"	"C-1-5"	"03090000.670105"	"3.9/C-1-5"	"""C-1-5] MUST display a toast indicating that the user is in the managed profile if and when the device wakes up (ACTION_USER_PRESENT) and the foreground application is within the managed profile."""	""	""	""	""	""	""	""	""	""	""	""
""	"3.9"	"C-1-6"	"03090000.670106"	"3.9/C-1-6"	"""C-1-6] Where a managed profile exists, MUST show a visual affordance in the Intent &#39;Chooser&#39; to allow the user to forward the intent from the managed profile to the primary user or vice versa, if enabled by the Device Policy Controller."""	""	""	""	""	""	""	""	""	""	""	""
""	"3.9"	"C-1-7"	"03090000.670107"	"3.9/C-1-7"	"""C-1-7] Where a managed profile exists, MUST expose the following user affordances for both the primary user and the managed profile: Separate accounting for battery, location, mobile data and storage usage for the primary user and managed profile. Independent management of VPN Applications installed within the primary user or managed profile. Independent management of applications installed within the primary user or managed profile. Independent management of accounts within the primary user or managed profile."""	""	""	""	""	""	""	""	""	""	""	""
""	"3.9"	"C-1-8"	"03090000.670108"	"3.9/C-1-8"	"""C-1-8] MUST ensure the preinstalled dialer, contacts and messaging applications can search for and look up caller information from the managed profile (if one exists) alongside those from the primary profile, if the Device Policy Controller permits it."""	""	""	""	""	""	""	""	""	""	""	""
""	"3.9"	"C-1-9"	"03090000.670109"	"3.9/C-1-9"	"""C-1-9] MUST ensure that it satisfies all the security requirements applicable for a device with multiple users enabled (see section 9.5), even though the managed profile is not counted as another user in addition to the primary user. If device implementations declare android.software.managed_users and android.software.secure_lock_screen, they:"""	""	""	""	""	""	""	""	""	""	""	""
""	"3.9"	"C-2-1"	"03090000.670201"	"3.9/C-2-1"	"""C-2-1] MUST support the ability to specify a separate lock screen meeting the following requirements to grant access to apps running in a managed profile only. Device implementations MUST honor the DevicePolicyManager.ACTION_SET_NEW_PASSWORD intent and show an interface to configure a separate lock screen credential for the managed profile. The lock screen credentials of the managed profile MUST use the same credential storage and management mechanisms as the parent profile, as documented on the Android Open Source Project Site. The DPC password policies MUST apply to only the managed profile&#39;s lock screen credentials unless called upon the DevicePolicyManager instance returned by getParentProfileInstance. When contacts from the managed profile are displayed in the preinstalled call log, in-call UI, in-progress and missed-call notifications, contacts and messaging apps they SHOULD be badged with the same badge used to indicate managed profile applications. <h4 id=""393_managed_user_support"" """	""	""	""	""	""	""	""	""	""	""	""
""	"4"	"C-0-4"	"04000000.670004"	"4/C-0-4"	"""C-0-4] MUST NOT allow apps other than the current &quot;installer of record&quot; for the package to silently uninstall the app without any user confirmation, as documented in the SDK for the DELETE_PACKAGE permission. The only exceptions are the system package verifier app handling PACKAGE_NEEDS_VERIFICATION intent and the storage manager app handling ACTION_MANAGE_STORAGE intent."""	""	""	""	""	""	""	""	""	""	""	""
""	"5.1.5"	"C-2-1"	"05010500.670201"	"5.1.5/C-2-1"	"""C-2-1] MUST support outputting an 8-bit equivalent format if requested by the application, for example, via the ARGB_8888 config of android.graphics.Bitmap. <h4 id=""516_image_codecs_details"" """	""	""	""	""	""	""	""	""	""	""	""
""	"5.1"	"H-1-1"	"05010000.720101"	"5.1/H-1-1"	"""[5.1/H-1-1] MUST advertise the maximum number of hardware video decoder sessions that can be run concurrently in any codec combination via the CodecCapabilities.getMaxSupportedInstances() and VideoCapabilities.getSupportedPerformancePoints() methods.  | [5.1/H-1-1] MUST advertise the maximum number of hardware video decoder sessions that can be run concurrently in any codec combination via the CodecCapabilities.getMaxSupportedInstances() and VideoCapabilities.getSupportedPerformancePoints() methods. """	""	""	""	""	""	""	""	""	""	""	""
""	"5.1"	"H-1-2"	"05010000.720102"	"5.1/H-1-2"	"""[5.1/H-1-2] MUST support 6 instances of hardware video decoder sessions (AVC or HEVC) in any codec combination running concurrently at 720p resolution@30 fps.  | [5.1/H-1-2] MUST support 6 instances of hardware video decoder sessions (AVC, HEVC, VP9* or later) in any codec combination running concurrently at 720p resolution@30 fps. *Only 2 instances are required if VP9 codec is present. """	""	""	""	""	""	""	""	""	""	""	""
""	"5.1"	"H-1-3"	"05010000.720103"	"5.1/H-1-3"	"""[5.1/H-1-3] MUST advertise the maximum number of hardware video encoder sessions that can be run concurrently in any codec combination via the CodecCapabilities.getMaxSupportedInstances() and VideoCapabilities.getSupportedPerformancePoints() methods.  | [5.1/H-1-3] MUST advertise the maximum number of hardware video encoder sessions that can be run concurrently in any codec combination via the CodecCapabilities.getMaxSupportedInstances() and VideoCapabilities.getSupportedPerformancePoints() methods. """	""	""	""	""	""	""	""	""	""	""	""
""	"5.1"	"H-1-4"	"05010000.720104"	"5.1/H-1-4"	"""[5.1/H-1-4] MUST support 6 instances of hardware video encoder sessions (AVC or HEVC) in any codec combination running concurrently at 720p resolution@30 fps.  | [5.1/H-1-4] MUST support 6 instances of hardware video encoder sessions (AVC, HEVC, VP9* or later) in any codec combination running concurrently at 720p resolution@30fps. *Only 2 instances are required if VP9 codec is present. """	""	""	""	""	""	""	""	""	""	""	""
""	"5.1"	"H-1-5"	"05010000.720105"	"5.1/H-1-5"	"""[5.1/H-1-5] MUST advertise the maximum number of hardware video encoder and decoder sessions that can be run concurrently in any codec combination via the CodecCapabilities.getMaxSupportedInstances() and VideoCapabilities.getSupportedPerformancePoints() methods.  | [5.1/H-1-5] MUST advertise the maximum number of hardware video encoder and decoder sessions that can be run concurrently in any codec combination via the CodecCapabilities.getMaxSupportedInstances() and VideoCapabilities.getSupportedPerformancePoints() methods. """	""	""	""	""	""	""	""	""	""	""	""
""	"5.1"	"H-1-6"	"05010000.720106"	"5.1/H-1-6"	"""[5.1/H-1-6] MUST support 6 instances of hardware video decoder and hardware video encoder sessions (AVC or HEVC) in any codec combination running concurrently at 720p@30 fps resolution.  | [5.1/H-1-6] MUST support 6 instances of hardware video decoder and hardware video encoder sessions (AVC, HEVC, VP9* or later) in any codec combination running concurrently at 720p@30fps resolution. *Only 2 instances are required if VP9 codec is present. """	""	""	""	""	""	""	""	""	""	""	""
""	"5.1"	"H-1-7"	"05010000.720107"	"5.1/H-1-7"	"""[5.1/H-1-7] MUST have a codec initialization latency of 65 ms or less for a 1080p or smaller video encoding session for all hardware video encoders when under load. Load here is defined as a concurrent 1080p to 720p video-only transcoding session using hardware video codecs together with the 1080p audio-video recording initialization.  | [5.1/H-1-7] MUST have a codec initialization latency of 50 ms or less for a 1080p or smaller video encoding session for all hardware video encoders when under load. Load here is defined as a concurrent 1080p to 720p video-only transcoding session using hardware video codecs together with the 1080p audio-video recording initialization. """	""	""	""	""	""	""	""	""	""	""	""
""	"5.1"	"H-1-8"	"05010000.720108"	"5.1/H-1-8"	"""[5.1/H-1-8] MUST have a codec initialization latency of 50 ms or less for a 128 kbps or lower bitrate audio encoding session for all audio encoders when under load.Load here is defined as a concurrent 1080p to 720p video-only transcoding session using hardware video codecs together with the 1080p audio-video recording initialization.  | [5.1/H-1-8] MUST have a codec initialization latency of 40 ms or less for a 128 kbps or lower bitrate audio encoding session for all audio encoders when under load. Load here is defined as a concurrent 1080p to 720p video-only transcoding session using hardware video codecs together with the 1080p audio-video recording initialization. """	""	""	""	""	""	""	""	""	""	""	""
""	"5.10"	"C-3-1"	"05100000.670301"	"5.10/C-3-1"	"""C-3-1] MUST implement the USB audio class."""	""	""	""	""	""	""	""	""	""	""	""
""	"5.3.1"	"T-0-6"	"05030100.840006"	"5.3.1/T-0-6"	"""[5.3.1/T-0-6] MPEG-2 Television device implementations MUST support MPEG-2 decoding, as detailed in Section 5.3.1, at standard video frame rates and resolutions up to and including: """	""	""	""	""	""	""	""	""	""	""	""
""	"5.3.7"	"C-2-1"	"05030700.670201"	"5.3.7/C-2-1"	"""C-2-1] MUST support the HD decoding profiles as indicated in the following table. If the height that is reported by the Display.getSupportedModes() method is equal to or greater than the video resolution, then:"""	""	""	""	""	""	""	""	""	""	""	""
""	"5.3"	"H-1-1"	"05030000.720101"	"5.3/H-1-1"	"""[5.3/H-1-1] MUST NOT drop more than 1 frame in 10 seconds (i.e less than 0.333 percent frame drop) for a 1080p 30 fps video session under load. Load is defined as a concurrent 1080p to 720p video-only transcoding session using hardware video codecs, as well as a 128 kbps AAC audio playback.  | [5.3/H-1-1] MUST NOT drop more than 2 frames in 10 seconds (i.e less than 0.333 percent frame drop) for a 1080p 60 fps video session under load. Load is defined as a concurrent 1080p to 720p video-only transcoding session using hardware video codecs, as well as a 128 kbps AAC audio playback. """	""	""	""	""	""	""	""	""	""	""	""
""	"5.3"	"H-1-2"	"05030000.720102"	"5.3/H-1-2"	"""[5.3/H-1-2] MUST NOT drop more than 1 frame in 10 seconds during a video resolution change in a 30 fps video session under load. Load is defined as a concurrent 1080p to 720p video-only transcoding session using hardware video codecs, as well as a 128Kbps AAC audio playback.  | [5.3/H-1-2] MUST NOT drop more than 2 frames in 10 seconds during a video resolution change in a 60 fps video session under load. Load is defined as a concurrent 1080p to 720p video-only transcoding session using hardware video codecs, as well as a 128 kbps AAC audio playback. """	""	""	""	""	""	""	""	""	""	""	""
""	"5.4.5"	"C-1-1"	"05040500.670101"	"5.4.5/C-1-1"	"""C-1-1] MUST allow concurrent access to microphone by an accessibility service capturing with AudioSource.VOICE_RECOGNITION and at least one application capturing with any AudioSource."""	""	""	""	""	""	""	""	""	""	""	""
""	"5.4.5"	"C-1-2"	"05040500.670102"	"5.4.5/C-1-2"	"""C-1-2] MUST allow concurrent access to microphone by a pre-installed application that holds an Assistant role and at least one application capturing with any AudioSource except for AudioSource.VOICE_COMMUNICATION or AudioSource.CAMCORDER."""	""	""	""	""	""	""	""	""	""	""	""
""	"5.4.5"	"C-1-3"	"05040500.670103"	"5.4.5/C-1-3"	"""C-1-3] MUST silence the audio capture for any other application, except for an accessibility service, while an application is capturing with AudioSource.VOICE_COMMUNICATION or AudioSource.CAMCORDER. However, when an app is capturing via AudioSource.VOICE_COMMUNICATION then another app can capture the voice call if it is a privileged (pre-installed) app with permission CAPTURE_AUDIO_OUTPUT."""	""	""	""	""	""	""	""	""	""	""	""
""	"5.4.5"	"C-1-4"	"05040500.670104"	"5.4.5/C-1-4"	"""C-1-4] If two or more applications are capturing concurrently and if neither app has an UI on top, the one that started capture the most recently receives audio. <h4 id=""546_microphone_gain_levels"" """	""	""	""	""	""	""	""	""	""	""	""
""	"5.6"	"C-2-1"	"05060000.670201"	"5.6/C-2-1"	"""C-2-1] MUST NOT report support for low-latency audio. If device implementations include android.hardware.microphone, they MUST meet these input audio requirements:"""	""	""	""	""	""	""	""	""	""	""	""
""	"5.6"	"H-1-1"	"05060000.720101"	"5.6/H-1-1"	"""[5.6/H-1-1] MUST have a tap-to-tone latency of less than 100 milliseconds using the OboeTester tap-to-tone test or CTS Verifier tap-to-tone test. If Handheld device implementations return android.os.Build.VERSION_CODES.S for android.os.Build.VERSION_CODES.MEDIA_PERFORMANCE_CLASS, then they:  | [5.6/H-1-1] MUST have a tap-to-tone latency of less than 100 milliseconds using the OboeTester tap-to-tone test or CTS Verifier tap-to-tone test. <h4 id=""2272_camera"" """	""	""	""	""	""	""	""	""	""	""	""
""	"5"	"C-0-3"	"05000000.670003"	"5/C-0-3"	"""C-0-3] MUST be able to properly decode and make available to third-party apps all the formats it can encode. This includes all bitstreams that its encoders generate and the profiles reported in its CamcorderProfile. Device implementations: SHOULD aim for minimum codec latency, in others words, they SHOULD NOT consume and store input buffers and return input buffers only once processed. SHOULD NOT hold onto decoded buffers for longer than as specified by the standard (e.g. SPS). SHOULD NOT hold onto encoded buffers longer than required by the GOP structure. All of the codecs listed in the section below are provided as software implementations in the preferred Android implementation from the Android Open Source Project. Please note that neither Google nor the Open Handset Alliance make any representation that these codecs are free from third-party patents. Those intending to use this source code in hardware or software products are advised that implementations of this code, including in open source software or shareware, may require patent licenses from the relevant patent holders. <h3 id=""51_media_codecs"" """	""	""	""	""	""	""	""	""	""	""	""
""	"6.1"	"C-0-1"	"06010000.670001"	"6.1/C-0-1"	"""C-0-1] MUST support the Android Developer Tools provided in the Android SDK. Android Debug Bridge (adb)"""	""	""	""	""	""	""	""	""	""	""	""
""	"6.1"	"H-0-1"	"06010000.720001"	"6.1/H-0-1"	"""[6.1/H-0-1]* MUST support the shell command cmd testharness. Handheld device implementations (* Not applicable for Tablet): Perfetto """	""	""	""	""	""	""	""	""	""	""	""
""	"7.1.1.1"	"C-0-2"	"07010101.670002"	"7.1.1.1/C-0-2"	"""C-0-2] MUST correctly honor applications&#39; stated support for screen sizes through the &lt;supports-screens&gt; attribute in the AndroidManifest.xml, as described in the Android SDK documentation. MAY have the Android-compatible display(s) with rounded corners. If device implementations support UI_MODE_TYPE_NORMAL and include Android-compatible display(s) with rounded corners, they:"""	""	""	""	""	""	""	""	""	""	""	""
""	"7.1.1.1"	"H-0-2"	"07010101.720002"	"7.1.1.1/H-0-2"	"""[7.1.1.1/H-0-2] MUST support GPU composition of graphic buffers at least as large as the highest resolution of any built-in display. If Handheld device implementations support software screen rotation, they: """	""	""	""	""	""	""	""	""	""	""	""
""	"7.1.1.1"	"Tab-0-1"	"07010101.980001"	"7.1.1.1/Tab-0-1"	"""[7.1.1.1/Tab-0-1] MUST have a screen in the range of 7 to 18 inches. ** Gyroscope** If Tablet device implementations include a 3-axis gyroscope, they: """	""	""	""	""	""	""	""	""	""	""	""
""	"7.1.1.3"	"H-1-1"	"07010103.720101"	"7.1.1.3/H-1-1"	"""[7.1.1.3/H-1-1] MUST have screen density of at least 400 dpi. """	""	""	""	""	""	""	""	""	""	""	""
""	"7.1.1.3"	"H-2-1"	"07010103.720201"	"7.1.1.3/H-2-1"	"""[7.1.1.3/H-2-1] MUST have screen density of at least 400 dpi. """	""	""	""	""	""	""	""	""	""	""	""
""	"7.1.4.1"	"A-0-1"	"07010401.650001"	"7.1.4.1/A-0-1"	"""[7.1.4.1/A-0-1] MUST declare OpenGL ES 3.1 or higher. """	""	""	""	""	""	""	""	""	""	""	""
""	"7.1.4.1"	"A-0-2"	"07010401.650002"	"7.1.4.1/A-0-2"	"""[7.1.4.1/A-0-2] MUST support Vulkan 1.1. """	""	""	""	""	""	""	""	""	""	""	""
""	"7.1.4.1"	"A-0-3"	"07010401.650003"	"7.1.4.1/A-0-3"	"""[7.1.4.1/A-0-3] MUST include Vulkan loader and export all symbols. If Automotive device implementations include a 3-axis accelerometer, they: """	""	""	""	""	""	""	""	""	""	""	""
""	"7.1.4"	"C-0-1"	"07010400.670001"	"7.1.4/C-0-1"	"""C-0-1] MUST correctly identify the supported OpenGL ES versions (1.1, 2.0, 3.0, 3.1, 3.2) through the managed APIs (such as via the GLES10.getString() method) and the native APIs. | C-0-1] Device implementations MUST support Android RenderScript, as detailed in the Android SDK documentation. <h5 id=""7144_2d_graphics_acceleration""  | C-0-1] MUST enable hardware acceleration by default, and MUST disable hardware acceleration if the developer so requests by setting android:hardwareAccelerated=&quot;false” or disabling hardware acceleration directly through the Android View APIs."""	""	""	""	""	""	""	""	""	""	""	""
""	"7.1.4"	"C-0-2"	"07010400.670002"	"7.1.4/C-0-2"	"""C-0-2] MUST include the support for all the corresponding managed APIs and native APIs for every OpenGL ES versions they identified to support. If device implementations include a screen or video output, they: | C-0-2] MUST exhibit behavior consistent with the Android SDK documentation on hardware acceleration. Android includes a TextureView object that lets developers directly integrate hardware-accelerated OpenGL ES textures as rendering targets in a UI hierarchy. Device implementations:"""	""	""	""	""	""	""	""	""	""	""	""
""	"7.1.4"	"C-0-3"	"07010400.670003"	"7.1.4/C-0-3"	"""C-0-3] MUST support the TextureView API, and MUST exhibit consistent behavior with the upstream Android implementation. <h5 id=""7145_wide-gamut_displays"" """	""	""	""	""	""	""	""	""	""	""	""
""	"7.1.4"	"C-1-1"	"07010400.670101"	"7.1.4/C-1-1"	"""C-1-1] MUST support both OpenGL ES 1.1 and 2.0, as embodied and detailed in the Android SDK documentation. | C-1-1] MUST report the correct integer value with the android.hardware.vulkan.level and android.hardware.vulkan.version feature flags. | C-1-1] MUST have a color-calibrated display."""	""	""	""	""	""	""	""	""	""	""	""
""	"7.1.4"	"C-1-10"	"07010400.670110"	"7.1.4/C-1-10"	"""C-1-10] MUST pass all Vulkan dEQP Tests in the test lists between version 132317953 and the version specified in the android.software.vulkan.deqp.level feature flag."""	""	""	""	""	""	""	""	""	""	""	""
""	"7.1.4"	"C-1-11"	"07010400.670111"	"7.1.4/C-1-11"	"""C-1-11] MUST NOT enumerate support for the VK_KHR_video_queue, VK_KHR_video_decode_queue, or VK_KHR_video_encode_queue extensions."""	""	""	""	""	""	""	""	""	""	""	""
""	"7.1.4"	"C-1-2"	"07010400.670102"	"7.1.4/C-1-2"	"""C-1-2] MUST enumerate, at least one VkPhysicalDevice for the Vulkan native API vkEnumeratePhysicalDevices() . | C-1-2] MUST have a display whose gamut covers the sRGB color gamut entirely in CIE 1931 xyY space."""	""	""	""	""	""	""	""	""	""	""	""
""	"7.1.4"	"C-1-3"	"07010400.670103"	"7.1.4/C-1-3"	"""C-1-3] MUST fully implement the Vulkan 1.0 APIs for each enumerated VkPhysicalDevice. | C-1-3] MUST have a display whose gamut has an area of at least 90% of DCI-P3 in CIE 1931 xyY space."""	""	""	""	""	""	""	""	""	""	""	""
""	"7.1.4"	"C-1-4"	"07010400.670104"	"7.1.4/C-1-4"	"""C-1-4] MUST enumerate layers, contained in native libraries named as libVkLayer*.so in the application package’s native library directory, through the Vulkan native APIs vkEnumerateInstanceLayerProperties() and vkEnumerateDeviceLayerProperties() . | C-1-4] MUST support OpenGL ES 3.1 or 3.2 and report it properly."""	""	""	""	""	""	""	""	""	""	""	""
""	"7.1.4"	"C-1-5"	"07010400.670105"	"7.1.4/C-1-5"	"""C-1-5] MUST NOT enumerate layers provided by libraries outside of the application package, or provide other ways of tracing or intercepting the Vulkan API, unless the application has the android:debuggable attribute set as true. | C-1-5] MUST advertise support for the EGL_KHR_no_config_context, EGL_EXT_pixel_format_float, EGL_KHR_gl_colorspace, EGL_EXT_gl_colorspace_scrgb, EGL_EXT_gl_colorspace_scrgb_linear, EGL_EXT_gl_colorspace_display_p3, EGL_EXT_gl_colorspace_display_p3_linear, and EGL_EXT_gl_colorspace_display_p3_passthrough extensions."""	""	""	""	""	""	""	""	""	""	""	""
""	"7.1.4"	"C-1-6"	"07010400.670106"	"7.1.4/C-1-6"	"""C-1-6] MUST report all extension strings that they do support via the Vulkan native APIs , and conversely MUST NOT report extension strings that they do not correctly support."""	""	""	""	""	""	""	""	""	""	""	""
""	"7.1.4"	"C-1-7"	"07010400.670107"	"7.1.4/C-1-7"	"""C-1-7] MUST support the VK_KHR_surface, VK_KHR_android_surface, VK_KHR_swapchain, and VK_KHR_incremental_present extensions."""	""	""	""	""	""	""	""	""	""	""	""
""	"7.1.4"	"C-1-8"	"07010400.670108"	"7.1.4/C-1-8"	"""C-1-8] MUST report the maximum version of the Vulkan dEQP Tests supported via the android.software.vulkan.deqp.level feature flag."""	""	""	""	""	""	""	""	""	""	""	""
""	"7.1.4"	"C-1-9"	"07010400.670109"	"7.1.4/C-1-9"	"""C-1-9] MUST at least support version 132317953 (from Mar 1st, 2019) as reported in the android.software.vulkan.deqp.level feature flag."""	""	""	""	""	""	""	""	""	""	""	""
""	"7.1.4"	"C-2-1"	"07010400.670201"	"7.1.4/C-2-1"	"""C-2-1] MUST report via the OpenGL ES managed APIs and native APIs any other OpenGL ES extensions they have implemented, and conversely MUST NOT report extension strings that they do not support. | C-2-1] MUST NOT declare any of the Vulkan feature flags (e.g. android.hardware.vulkan.level, android.hardware.vulkan.version). | C-2-1] SHOULD cover 100% or more of sRGB in CIE 1931 xyY space, although the screen color gamut is undefined. <h4 id=""715_legacy_application_compatibility_mode"" """	""	""	""	""	""	""	""	""	""	""	""
""	"7.1.4"	"C-2-2"	"07010400.670202"	"7.1.4/C-2-2"	"""C-2-2] MUST support the EGL_KHR_image, EGL_KHR_image_base, EGL_ANDROID_image_native_buffer, EGL_ANDROID_get_native_client_buffer, EGL_KHR_wait_sync, EGL_KHR_get_all_proc_addresses, EGL_ANDROID_presentation_time, EGL_KHR_swap_buffers_with_damage, EGL_ANDROID_recordable, and EGL_ANDROID_GLES_layers extensions. | C-2-2] MUST NOT enumerate any VkPhysicalDevice for the Vulkan native API vkEnumeratePhysicalDevices(). If device implementations include support for Vulkan 1.1 and declare any of the Vulkan feature flags, they:"""	""	""	""	""	""	""	""	""	""	""	""
""	"7.1.4"	"C-2-3"	"07010400.670203"	"7.1.4/C-2-3"	"""C-2-3] MUST report the maximum version of the OpenGL ES dEQP tests supported via the android.software.opengles.deqp.level feature flag."""	""	""	""	""	""	""	""	""	""	""	""
""	"7.1.4"	"C-2-4"	"07010400.670204"	"7.1.4/C-2-4"	"""C-2-4] MUST at least support version 132383489 (from Mar 1st, 2020) as reported in the android.software.opengles.deqp.level feature flag."""	""	""	""	""	""	""	""	""	""	""	""
""	"7.1.4"	"C-2-5"	"07010400.670205"	"7.1.4/C-2-5"	"""C-2-5] MUST pass all OpenGL ES dEQP Tests in the test lists between version 132383489 and the version specified in the android.software.opengles.deqp.level feature flag, for each supported OpenGL ES version."""	""	""	""	""	""	""	""	""	""	""	""
""	"7.1.4"	"C-3-1"	"07010400.670301"	"7.1.4/C-3-1"	"""C-3-1] MUST export the corresponding function symbols for these version in addition to the OpenGL ES 2.0 function symbols in the libGLESv2.so library. | C-3-1] MUST expose support for the SYNC_FD external semaphore and handle types and the VK_ANDROID_external_memory_android_hardware_buffer extension. <h5 id=""7143_renderscript"" """	""	""	""	""	""	""	""	""	""	""	""
""	"7.1.4"	"C-4-1"	"07010400.670401"	"7.1.4/C-4-1"	"""C-4-1] MUST support the OpenGL ES Android Extension Pack in its entirety. If device implementations support the OpenGL ES Android Extension Pack in its entirety, they:"""	""	""	""	""	""	""	""	""	""	""	""
""	"7.1.4"	"C-5-1"	"07010400.670501"	"7.1.4/C-5-1"	"""C-5-1] MUST identify the support through the android.hardware.opengles.aep feature flag. If device implementations expose support for the EGL_KHR_mutable_render_buffer extension, they:"""	""	""	""	""	""	""	""	""	""	""	""
""	"7.1.4"	"C-6-1"	"07010400.670601"	"7.1.4/C-6-1"	"""C-6-1] MUST also support the EGL_ANDROID_front_buffer_auto_refresh extension. <h5 id=""7142_vulkan"" """	""	""	""	""	""	""	""	""	""	""	""
""	"7.1.5"	"H-0-1"	"07010500.720001"	"7.1.5/H-0-1"	"""[7.1.5/H-0-1] MUST include support for legacy application compatibility mode as implemented by the upstream Android open source code. That is, device implementations MUST NOT alter the triggers or thresholds at which compatibility mode is activated, and MUST NOT alter the behavior of the compatibility mode itself. """	""	""	""	""	""	""	""	""	""	""	""
""	"7.11"	"C-1-1"	"07110000.670101"	"7.11/C-1-1"	"""C-1-1] MUST return at least a value of android.os.Build.VERSION_CODES.R."""	""	""	""	""	""	""	""	""	""	""	""
""	"7.11"	"C-1-2"	"07110000.670102"	"7.11/C-1-2"	"""C-1-2] MUST be a handheld device implementation. See Section 2.2.7 for device-specific requirements. <h2 id=""8_performance_and_power"" """	""	""	""	""	""	""	""	""	""	""	""
""	"7.2.1"	"C-0-1"	"07020100.670001"	"7.2.1/C-0-1"	"""C-0-1] MUST NOT include a hardware keyboard that does not match one of the formats specified in android.content.res.Configuration.keyboard (QWERTY or 12-key). * SHOULD include additional soft keyboard implementations. * MAY include a hardware keyboard. <h4 id=""722_non-touch_navigation"" """	""	""	""	""	""	""	""	""	""	""	""
""	"7.2.3"	"C-4-1"	"07020300.670401"	"7.2.3/C-4-1"	"""C-4-1] MUST make the Assist function accessible with a single action (e.g. tap, double-click or gesture) when other navigation keys are accessible."""	""	""	""	""	""	""	""	""	""	""	""
""	"7.2.3"	"W-0-1"	"07020300.870001"	"7.2.3/W-0-1"	"""[7.2.3/W-0-1] MUST have the Home function available to the user, and the Back function except for when it is in UI_MODE_TYPE_WATCH. """	""	""	""	""	""	""	""	""	""	""	""
""	"7.2.4"	"W-0-1"	"07020400.870001"	"7.2.4/W-0-1"	"""[7.2.4/W-0-1] MUST support touchscreen input. [7.3.1/W-SR] Are STRONGLY RECOMMENDED to include a 3-axis accelerometer. If Watch device implementations include a GPS/GNSS receiver and report the capability to applications through the android.hardware.location.gps feature flag, they: """	""	""	""	""	""	""	""	""	""	""	""
""	"7.2"	"C-0-1"	"07020000.670001"	"7.2/C-0-1"	"""C-0-1] MUST include an input mechanism, such as a touchscreen or non-touch navigation, to navigate between the UI elements. <h4 id=""721_keyboard"" """	""	""	""	""	""	""	""	""	""	""	""
""	"7.3.10"	"C-0-2"	"07031000.670002"	"7.3.10/C-0-2"	"""C-0-2] of section 9.11."""	""	""	""	""	""	""	""	""	""	""	""
""	"7.3.10"	"C-1-10"	"07031000.670110"	"7.3.10/C-1-10"	"""C-1-10] MUST disable biometrics once primary authentication backoff has first triggered as described in"""	""	""	""	""	""	""	""	""	""	""	""
""	"7.3.10"	"C-1-9"	"07031000.670109"	"7.3.10/C-1-9"	"""C-1-9] MUST challenge the user for the recommended primary authentication (e.g. PIN, pattern, password) after no more than twenty false trials and no less than ninety-second backoff time for biometric verification - where a false trial is one with an adequate capture quality (BIOMETRIC_ACQUIRED_GOOD) that does not match an enrolled biometric. | C-1-9] if the spoof and imposter acceptance rates are higher than 7% as measure by the Android Biometrics Test Protocols. | C-1-9] - where a false trial is one with an adequate capture quality (BIOMETRIC_ACQUIRED_GOOD) that does not match an enrolled biometric."""	""	""	""	""	""	""	""	""	""	""	""
""	"7.3.10"	"C-2-9"	"07031000.670209"	"7.3.10/C-2-9"	"""C-2-9] MUST make the biometric sensor available to third-party applications. If device implementations wish to treat a biometric sensor as Class 3 (formerly Strong), they:"""	""	""	""	""	""	""	""	""	""	""	""
""	"7.3.10"	"C-3-5"	"07031000.670305"	"7.3.10/C-3-5"	"""C-3-5] MUST re-generate Authenticator ID for all Class 3 biometrics supported on device if any of them is re-enrolled."""	""	""	""	""	""	""	""	""	""	""	""
""	"7.3.10"	"C-3-6"	"07031000.670306"	"7.3.10/C-3-6"	"""C-3-6] Must enable biometric-backed keystore keys to third-party applications. If device implementations contain an under-display fingerprint sensor (UDFPS), they:"""	""	""	""	""	""	""	""	""	""	""	""
""	"7.3.2"	"C-1-10"	"07030200.670110"	"7.3.2/C-1-10"	"""C-1-10] MUST implement the TYPE_MAGNETIC_FIELD_UNCALIBRATED sensor. If device implementations include a 3-axis magnetometer, an accelerometer sensor, and a 3-axis gyroscope sensor, they:"""	""	""	""	""	""	""	""	""	""	""	""
""	"7.3.3"	"A-3-1"	"07030300.650301"	"7.3.3/A-3-1"	"""[7.3.3/A-3-1] MUST determine location the very first time the GPS/GNSS receiver is turned on or after 4+ days within 60 seconds. """	""	""	""	""	""	""	""	""	""	""	""
""	"7.3.3"	"A-3-2"	"07030300.650302"	"7.3.3/A-3-2"	"""[7.3.3/A-3-2] MUST meet the time-to-first-fix criteria as described in 7.3.3/C-1-2 and 7.3.3/C-1-6 for all other location requests (i.e requests which are not the first time ever or after 4+ days). The requirement 7.3.3/C-1-2 is typically met in vehicles without cellular network-based data connectivity, by using GNSS orbit predictions calculated on the receiver, or using the last known vehicle location along with the ability to dead reckon for at least 60 seconds with a position accuracy satisfying 7.3.3/C-1-3, or a combination of both. Automotive device implementations: """	""	""	""	""	""	""	""	""	""	""	""
""	"7.3.4"	"A-2-1"	"07030400.650201"	"7.3.4/A-2-1"	"""[7.3.4/A-2-1] MUST be able to report events up to a frequency of at least 100 Hz. """	""	""	""	""	""	""	""	""	""	""	""
""	"7.3.4"	"A-2-3"	"07030400.650203"	"7.3.4/A-2-3"	"""[7.3.4/A-2-3] MUST be capable of measuring orientation changes up to 250 degrees per second. [7.3.4/A-SR] Are STRONGLY RECOMMENDED to configure the gyroscope’s measurement range to +/-250dps in order to maximize the resolution possible If Automotive device implementations include a GPS/GNSS receiver, but do not include cellular network-based data connectivity, they: """	""	""	""	""	""	""	""	""	""	""	""
""	"7.3.4"	"H-3-1"	"07030400.720301"	"7.3.4/H-3-1"	"""[7.3.4/H-3-1] MUST be able to report events up to a frequency of at least 100 Hz. """	""	""	""	""	""	""	""	""	""	""	""
""	"7.3.4"	"H-3-2"	"07030400.720302"	"7.3.4/H-3-2"	"""[7.3.4/H-3-2] MUST be capable of measuring orientation changes up to 1000 degrees per second. Handheld device implementations that can make a voice call and indicate any value other than PHONE_TYPE_NONE in getPhoneType: [7.3.8/H] SHOULD include a proximity sensor. Handheld device implementations: [7.3.11/H-SR] Are RECOMMENDED to support pose sensor with 6 degrees of freedom. [7.4.3/H] SHOULD include support for Bluetooth and Bluetooth LE. If Handheld device implementations include a metered connection, they: """	""	""	""	""	""	""	""	""	""	""	""
""	"7.3.4"	"T-1-2"	"07030400.840102"	"7.3.4/T-1-2"	"""[7.3.4/T-1-2] MUST be capable of measuring orientation changes up to 1000 degrees per second. Television device implementations: """	""	""	""	""	""	""	""	""	""	""	""
""	"7.3.4"	"Tab-1-1"	"07030400.980101"	"7.3.4/Tab-1-1"	"""[7.3.4/Tab-1-1] MUST be capable of measuring orientation changes up to 1000 degrees per second. Minimum Memory and Storage (Section 7.6.1) The screen densities listed for small/normal screens in the handheld requirements are not applicable to tablets. USB peripheral mode (Section 7.7.1) If tablet device implementations include a USB port supporting peripheral mode, they: [7.7.1/Tab] MAY implement the Android Open Accessory (AOA) API. Virtual Reality Mode (Section 7.9.1) Virtual Reality High Performance (Section 7.9.2) Virtual reality requirements are not applicable to tablets. <h4 id=""262_security_model"" """	""	""	""	""	""	""	""	""	""	""	""
""	"7.3.4"	"W-2-1"	"07030400.870201"	"7.3.4/W-2-1"	"""[7.3.4/W-2-1] MUST be capable of measuring orientation changes up to 1000 degrees per second. Watch device implementations: """	""	""	""	""	""	""	""	""	""	""	""
""	"7.3.8"	"C-1-3"	"07030800.670103"	"7.3.8/C-1-3"	"""C-1-3] MUST use 0 centimeters as the near reading and 5 centimeters as the far reading."""	""	""	""	""	""	""	""	""	""	""	""
""	"7.3.8"	"C-1-4"	"07030800.670104"	"7.3.8/C-1-4"	"""C-1-4] MUST report a maximum range and resolution of 5. <h4 id=""739_high_fidelity_sensors"" """	""	""	""	""	""	""	""	""	""	""	""
""	"7.4.1"	"C-4-1"	"07040100.670401"	"7.4.1/C-4-1"	"""C-4-1] MUST NOT report ‘NETWORK_TYPE_IWLAN’ via NetworkRegistrationInfo#getAccessNetworkTechnology() when NetworkRegistrationInfo#getTransportType() is reported as ‘TRANSPORT_TYPE_WWAN’ for the same NetworkRegistrationInfo instance. If device implementations support a single IP Multimedia Subsystem (IMS) registration for both multimedia telephony service (MMTEL) and rich communication service (RCS) features and are expected to comply with cellular carrier requirements regarding using a single IMS registration for all IMS signalling traffic, they:"""	""	""	""	""	""	""	""	""	""	""	""
""	"7.4.1"	"C-5-1"	"07040100.670501"	"7.4.1/C-5-1"	"""C-5-1] MUST declare the android.hardware.telephony.ims feature flag and provide a complete implementation of the ImsService API for both MMTEL and RCS User Capability Exchange API."""	""	""	""	""	""	""	""	""	""	""	""
""	"7.4.1"	"C-5-2"	"07040100.670502"	"7.4.1/C-5-2"	"""C-5-2] MUST declare the android.hardware.telephony.ims.singlereg feature flag and provide a complete implementation of the SipTransport API, the GbaService API, dedicated bearer indications using the IRadio 1.6 HAL, and provisioning via Auto Configuration Server (ACS) or other proprietary provisioning mechanism using the IMS Configuration API. <h5 id=""7411_number_blocking_compatibility"" """	""	""	""	""	""	""	""	""	""	""	""
""	"7.4.2.4"	"C-1-3"	"07040204.670103"	"7.4.2.4/C-1-3"	"""C-1-3] MUST support IEEE 802.11u standard, specifically related to Network Discovery and Selection, such as Generic Advertisement Service (GAS) and Access Network Query Protocol (ANQP)."""	""	""	""	""	""	""	""	""	""	""	""
""	"7.4.2.4"	"C-1-4"	"07040204.670104"	"7.4.2.4/C-1-4"	"""C-1-4] MUST declare android.hardware.wifi.passpoint feature flag."""	""	""	""	""	""	""	""	""	""	""	""
""	"7.4.2.4"	"C-1-5"	"07040204.670105"	"7.4.2.4/C-1-5"	"""C-1-5] MUST follow the AOSP implementation to discover, match and associate to Passpoint networks."""	""	""	""	""	""	""	""	""	""	""	""
""	"7.4.2.4"	"C-1-6"	"07040204.670106"	"7.4.2.4/C-1-6"	"""C-1-6] MUST support at least the following subset of device provisioning protocols as defined in the Wi-Fi Alliance Passpoint R2: EAP-TTLS authentication and SOAP-XML."""	""	""	""	""	""	""	""	""	""	""	""
""	"7.4.2.4"	"C-1-7"	"07040204.670107"	"7.4.2.4/C-1-7"	"""C-1-7] MUST process the AAA server certificate as described in Hotspot 2.0 R3 specification."""	""	""	""	""	""	""	""	""	""	""	""
""	"7.4.2.4"	"C-1-8"	"07040204.670108"	"7.4.2.4/C-1-8"	"""C-1-8] MUST support user control of provisioning through the Wi-Fi picker."""	""	""	""	""	""	""	""	""	""	""	""
""	"7.4.2.4"	"C-1-9"	"07040204.670109"	"7.4.2.4/C-1-9"	"""C-1-9] MUST keep Passpoint configurations persistent across reboots."""	""	""	""	""	""	""	""	""	""	""	""
""	"7.4.2.4"	"C-3-1"	"07040204.670301"	"7.4.2.4/C-3-1"	"""C-3-1] MUST enable Passpoint by default. <h5 id=""7425_wi-fi_location_wi-fi_round_trip_time_-_rtt"" """	""	""	""	""	""	""	""	""	""	""	""
""	"7.4.2.5"	"C-1-4"	"07040205.670104"	"7.4.2.5/C-1-4"	"""C-1-4] MUST be accurate to within 2 meters at 80 MHz bandwidth at the 68th percentile (as calculated with the Cumulative Distribution Function). <h5 id=""7426_wi-fi_keepalive_offload"" """	""	""	""	""	""	""	""	""	""	""	""
""	"7.4.2"	"C-1-10"	"07040200.670110"	"7.4.2/C-1-10"	"""C-1-10] MUST randomize Probe request sequence number between the last probe request of a scan and the first probe request of the next scan."""	""	""	""	""	""	""	""	""	""	""	""
""	"7.4.2"	"C-1-6"	"07040200.670106"	"7.4.2/C-1-6"	"""C-1-6] Are STRONGLY RECOMMENDED to, when the ConnectivityManager.reportNetworkConnectivity() API method is called, re-evaluate the Internet access on the Network and, once the evaluation determines that the current Network no longer provides Internet access, switch to any other available network (e.g. mobile data) that provides Internet access."""	""	""	""	""	""	""	""	""	""	""	""
""	"7.4.2"	"C-1-7"	"07040200.670107"	"7.4.2/C-1-7"	"""C-1-7] MUST randomize the source MAC address and sequence number of probe request frames, once at the beginning of each scan, while STA is disconnected."""	""	""	""	""	""	""	""	""	""	""	""
""	"7.4.2"	"C-1-8"	"07040200.670108"	"7.4.2/C-1-8"	"""C-1-8] MUST use one consistent MAC address (SHOULD NOT randomize MAC address halfway through a scan)."""	""	""	""	""	""	""	""	""	""	""	""
""	"7.4.2"	"C-1-9"	"07040200.670109"	"7.4.2/C-1-9"	"""C-1-9] MUST iterate probe request sequence number as normal (sequentially) between the probe requests in a scan."""	""	""	""	""	""	""	""	""	""	""	""
""	"7.4.3"	"C-3-2"	"07040300.670302"	"7.4.3/C-3-2"	"""C-3-2] MUST enable the GATT (generic attribute profile) based Bluetooth APIs as described in the SDK documentation and android.bluetooth."""	""	""	""	""	""	""	""	""	""	""	""
""	"7.4.3"	"C-6-1"	"07040300.670601"	"7.4.3/C-6-1"	"""C-6-1] MUST restrict access to any Bluetooth metadata (such as scan results) which could be used to derive the location of the device, unless the requesting app successfully passes an android.permission.ACCESS_FINE_LOCATION permission check based on its current foreground/background state. If device implementations include support for Bluetooth or Bluetooth Low Energy and the app manifest does not include a declaration from the developer stating that they are not deriving location from Bluetooth, then, they:"""	""	""	""	""	""	""	""	""	""	""	""
""	"7.4.3"	"C-6-2"	"07040300.670602"	"7.4.3/C-6-2"	"""C-6-2] MUST gate Bluetooth access behind the android.permission.ACCESS_FINE_LOCATION. <h4 id=""744_near-field_communications"" """	""	""	""	""	""	""	""	""	""	""	""
""	"7.5.3"	"C-1-3"	"07050300.670103"	"7.5.3/C-1-3"	"""C-1-3] MUST pass camera CTS tests with a physical external camera device connected. Details of camera CTS testing are available at source.android.com. SHOULD support video compressions such as MJPEG to enable transfer of high-quality unencoded streams (i.e. raw or independently compressed picture streams). MAY support multiple cameras. MAY support camera-based video encoding. If camera-based video encoding is supported:"""	""	""	""	""	""	""	""	""	""	""	""
""	"7.5"	"H-1-1"	"07050000.720101"	"7.5/H-1-1"	"""[7.5/H-1-1] MUST have a primary rear facing camera with a resolution of at least 12 megapixels supporting video capture at 4k@30fps. The primary rear-facing camera is the rear-facing camera with the lowest camera ID.  | [7.5/H-1-1] MUST have a primary rear facing camera with a resolution of at least 12 megapixels supporting video capture at 4k@30fps. The primary rear-facing camera is the rear-facing camera with the lowest camera ID. """	""	""	""	""	""	""	""	""	""	""	""
""	"7.5"	"H-1-2"	"07050000.720102"	"7.5/H-1-2"	"""[7.5/H-1-2] MUST have a primary front facing camera with a resolution of at least 4 megapixels supporting video capture at 1080p@30fps. The primary front-facing camera is the front-facing camera with the lowest camera ID.  | [7.5/H-1-2] MUST have a primary front facing camera with a resolution of at least 5 megapixels and support video capture at 1080p@30fps. The primary front-facing camera is the front-facing camera with the lowest camera ID. """	""	""	""	""	""	""	""	""	""	""	""
""	"7.5"	"H-1-3"	"07050000.720103"	"7.5/H-1-3"	"""[7.5/H-1-3] MUST support android.info.supportedHardwareLevel property as FULL or better for back primary and LIMITED or better for front primary camera.  | [7.5/H-1-3] MUST support android.info.supportedHardwareLevel property as FULL or better for both primary cameras. """	""	""	""	""	""	""	""	""	""	""	""
""	"7.5"	"H-1-4"	"07050000.720104"	"7.5/H-1-4"	"""[7.5/H-1-4] MUST support CameraMetadata.SENSOR_INFO_TIMESTAMP_SOURCE_REALTIME for both primary cameras.  | [7.5/H-1-4] MUST support CameraMetadata.SENSOR_INFO_TIMESTAMP_SOURCE_REALTIME for both primary cameras. """	""	""	""	""	""	""	""	""	""	""	""
""	"7.5"	"H-1-5"	"07050000.720105"	"7.5/H-1-5"	"""[7.5/H-1-5] MUST have camera2 JPEG capture latency &lt; 1000ms for 1080p resolution as measured by the CTS camera PerformanceTest under ITS lighting conditions (3000K) for both primary cameras.  | [7.5/H-1-5] MUST have camera2 JPEG capture latency &lt; 1000 ms for 1080p resolution as measured by the CTS camera PerformanceTest under ITS lighting conditions (3000K) for both primary cameras. """	""	""	""	""	""	""	""	""	""	""	""
""	"7.5"	"H-1-6"	"07050000.720106"	"7.5/H-1-6"	"""[7.5/H-1-6] MUST have camera2 startup latency (open camera to first preview frame) &lt; 600ms as measured by the CTS camera PerformanceTest under ITS lighting conditions (3000K) for both primary cameras. If Handheld device implementations return android.os.Build.VERSION_CODES.S for android.os.Build.VERSION_CODES.MEDIA_PERFORMANCE_CLASS, then they:  | [7.5/H-1-6] MUST have camera2 startup latency (open camera to first preview frame) &lt; 500 ms as measured by the CTS camera PerformanceTest under ITS lighting conditions (3000K) for both primary cameras. """	""	""	""	""	""	""	""	""	""	""	""
""	"7.5"	"H-1-7"	"07050000.720107"	"7.5/H-1-7"	"""[7.5/H-1-7] For apps targeting API level 31 or higher, the camera device MUST NOT support JPEG capture resolutions smaller than 1080p for both primary cameras. """	""	""	""	""	""	""	""	""	""	""	""
""	"7.5"	"H-1-8"	"07050000.720108"	"7.5/H-1-8"	"""[7.5/H-1-8] MUST support CameraMetadata.REQUEST_AVAILABLE_CAPABILITIES_RAW and android.graphics.ImageFormat.RAW_SENSOR for the primary back camera. <h4 id=""2273_hardware"" """	""	""	""	""	""	""	""	""	""	""	""
""	"7.6.1"	"H-10-1"	"07060100.721001"	"7.6.1/H-10-1"	"""[7.6.1/H-10-1] MUST have at least 4GB of non-volatile storage available for application private data (a.k.a. &quot;/data&quot; partition). SHOULD declare the feature flag android.hardware.ram.normal. If Handheld device implementations include greater than or equal to 2GB and less than 4GB of memory available to the kernel and userspace, they: * [7.6.1/H-SR] Are STRONGLY RECOMMENDED to support only 32-bit userspace (both apps and system code) If Handheld device implementations include less than 2GB of memory available to the kernel and userspace, they: * """	""	""	""	""	""	""	""	""	""	""	""
""	"7.6.1"	"H-9-2"	"07060100.720902"	"7.6.1/H-9-2"	"""[7.6.1/H-9-2] MUST have at least 1.1 GB of non-volatile storage for application private data (a.k.a. &quot;/data&quot; partition). If Handheld device implementations include more than 1GB of memory available to the kernel and userspace, they: """	""	""	""	""	""	""	""	""	""	""	""
""	"7.6.1"	"T-0-1"	"07060100.840001"	"7.6.1/T-0-1"	"""[7.6.1/T-0-1] MUST have at least 4 GB of non-volatile storage available for application private data (a.k.a. &quot;/data&quot; partition). If Television device implementations include a USB port that supports host mode, they: """	""	""	""	""	""	""	""	""	""	""	""
""	"7.6.1"	"W-0-2"	"07060100.870002"	"7.6.1/W-0-2"	"""[7.6.1/W-0-2] MUST have at least 416 MB memory available to the kernel and userspace. """	""	""	""	""	""	""	""	""	""	""	""
""	"7.6.2"	"C-0-1"	"07060200.670001"	"7.6.2/C-0-1"	"""C-0-1] MUST offer storage to be shared by applications, also often referred as “shared external storage”, &quot;application shared storage&quot; or by the Linux path &quot;/sdcard&quot; it is mounted on."""	""	""	""	""	""	""	""	""	""	""	""
""	"7.6.2"	"C-0-3"	"07060200.670003"	"7.6.2/C-0-3"	"""C-0-3] MUST mount the application shared storage directly on the Linux path sdcard or include a Linux symbolic link from sdcard to the actual mount point."""	""	""	""	""	""	""	""	""	""	""	""
""	"7.6.2"	"C-3-1"	"07060200.670301"	"7.6.2/C-3-1"	"""C-3-1] MUST provide a mechanism to access the data on the application shared storage from a host computer. SHOULD expose content from both storage paths transparently through Android’s media scanner service and android.provider.MediaStore. MAY use USB mass storage, but SHOULD use Media Transfer Protocol to satisfy this requirement. If device implementations have a USB port with USB peripheral mode and support Media Transfer Protocol, they: SHOULD be compatible with the reference Android MTP host, Android File Transfer. SHOULD report a USB device class of 0x00. SHOULD report a USB interface name of &#39;MTP&#39;. <h4 id=""763_adoptable_storage"" """	""	""	""	""	""	""	""	""	""	""	""
""	"7.7.1"	"H-1-1"	"07070100.720101"	"7.7.1/H-1-1"	"""[7.7.1/H-1-1] MUST implement the Android Open Accessory (AOA) API. If Handheld device implementations include a USB port supporting host mode, they: """	""	""	""	""	""	""	""	""	""	""	""
""	"7.7.2"	"C-1-1"	"07070200.670101"	"7.7.2/C-1-1"	"""C-1-1] MUST implement the Android USB host API as documented in the Android SDK and MUST declare support for the hardware feature android.hardware.usb.host."""	""	""	""	""	""	""	""	""	""	""	""
""	"7.8.1"	"C-1-1"	"07080100.670101"	"7.8.1/C-1-1"	"""C-1-1] MUST report the android.hardware.microphone feature constant."""	""	""	""	""	""	""	""	""	""	""	""
""	"7.8.1"	"C-1-2"	"07080100.670102"	"7.8.1/C-1-2"	"""C-1-2] MUST meet the audio recording requirements in section 5.4."""	""	""	""	""	""	""	""	""	""	""	""
""	"7.8.1"	"C-1-3"	"07080100.670103"	"7.8.1/C-1-3"	"""C-1-3] MUST meet the audio latency requirements in section 5.6."""	""	""	""	""	""	""	""	""	""	""	""
""	"7.8.1"	"C-2-1"	"07080100.670201"	"7.8.1/C-2-1"	"""C-2-1] MUST NOT report the android.hardware.microphone feature constant."""	""	""	""	""	""	""	""	""	""	""	""
""	"7.8.1"	"C-2-2"	"07080100.670202"	"7.8.1/C-2-2"	"""C-2-2] MUST implement the audio recording API at least as no-ops, per section 7. <h4 id=""782_audio_output"" """	""	""	""	""	""	""	""	""	""	""	""
""	"7.8.2"	"A-0-1"	"07080200.650001"	"7.8.2/A-0-1"	"""[7.8.2/A-0-1] MUST have an audio output and declare android.hardware.audio.output. <h4 id=""252_multimedia"" """	""	""	""	""	""	""	""	""	""	""	""
""	"7.8.2"	"C-1-1"	"07080200.670101"	"7.8.2/C-1-1"	"""C-1-1] MUST report the android.hardware.audio.output feature constant."""	""	""	""	""	""	""	""	""	""	""	""
""	"7.8.2"	"C-1-2"	"07080200.670102"	"7.8.2/C-1-2"	"""C-1-2] MUST meet the audio playback requirements in section 5.5."""	""	""	""	""	""	""	""	""	""	""	""
""	"7.8.2"	"C-1-3"	"07080200.670103"	"7.8.2/C-1-3"	"""C-1-3] MUST meet the audio latency requirements in section 5.6."""	""	""	""	""	""	""	""	""	""	""	""
""	"7.8.2"	"C-2-1"	"07080200.670201"	"7.8.2/C-2-1"	"""C-2-1] MUST NOT report the android.hardware.audio.output feature."""	""	""	""	""	""	""	""	""	""	""	""
""	"7.8.2"	"C-2-2"	"07080200.670202"	"7.8.2/C-2-2"	"""C-2-2] MUST implement the Audio Output related APIs as no-ops at least. For the purposes of this section, an &quot;output port&quot; is a physical interface such as a 3.5mm audio jack, HDMI, or USB host mode port with USB audio class. Support for audio output over radio-based protocols such as Bluetooth, WiFi, or cellular network does not qualify as including an &quot;output port&quot;. <h5 id=""7821_analog_audio_ports"" """	""	""	""	""	""	""	""	""	""	""	""
""	"7"	"C-0-1"	"07000000.670001"	"7/C-0-1"	"""C-0-1] The device implementation MUST implement that API as described in the Android SDK documentation. If an API in the SDK interacts with a hardware component that is stated to be optional and the device implementation does not possess that component:"""	""	""	""	""	""	""	""	""	""	""	""
""	"7"	"C-0-2"	"07000000.670002"	"7/C-0-2"	"""C-0-2] Complete class definitions (as documented by the SDK) for the component APIs MUST still be presented."""	""	""	""	""	""	""	""	""	""	""	""
""	"7"	"C-0-3"	"07000000.670003"	"7/C-0-3"	"""C-0-3] The API’s behaviors MUST be implemented as no-ops in some reasonable fashion."""	""	""	""	""	""	""	""	""	""	""	""
""	"7"	"C-0-4"	"07000000.670004"	"7/C-0-4"	"""C-0-4] API methods MUST return null values where permitted by the SDK documentation."""	""	""	""	""	""	""	""	""	""	""	""
""	"7"	"C-0-5"	"07000000.670005"	"7/C-0-5"	"""C-0-5] API methods MUST return no-op implementations of classes where null values are not permitted by the SDK documentation."""	""	""	""	""	""	""	""	""	""	""	""
""	"7"	"C-0-6"	"07000000.670006"	"7/C-0-6"	"""C-0-6] API methods MUST NOT throw exceptions not documented by the SDK documentation."""	""	""	""	""	""	""	""	""	""	""	""
""	"8.2"	"H-1-1"	"08020000.720101"	"8.2/H-1-1"	"""[8.2/H-1-1] MUST ensure a sequential write performance of at least 100 MB/s. """	""	""	""	""	""	""	""	""	""	""	""
""	"8.2"	"H-1-2"	"08020000.720102"	"8.2/H-1-2"	"""[8.2/H-1-2] MUST ensure a random write performance of at least 10 MB/s. """	""	""	""	""	""	""	""	""	""	""	""
""	"8.2"	"H-1-3"	"08020000.720103"	"8.2/H-1-3"	"""[8.2/H-1-3] MUST ensure a sequential read performance of at least 200 MB/s. """	""	""	""	""	""	""	""	""	""	""	""
""	"8.2"	"H-1-4"	"08020000.720104"	"8.2/H-1-4"	"""[8.2/H-1-4] MUST ensure a random read performance of at least 25 MB/s. If Handheld device implementations return android.os.Build.VERSION_CODES.S for android.os.Build.VERSION_CODES.MEDIA_PERFORMANCE_CLASS, then they: """	""	""	""	""	""	""	""	""	""	""	""
""	"8.2"	"H-2-1"	"08020000.720201"	"8.2/H-2-1"	"""[8.2/H-2-1] MUST ensure a sequential write performance of at least 125 MB/s. """	""	""	""	""	""	""	""	""	""	""	""
""	"8.2"	"H-2-2"	"08020000.720202"	"8.2/H-2-2"	"""[8.2/H-2-2] MUST ensure a random write performance of at least 10 MB/s. """	""	""	""	""	""	""	""	""	""	""	""
""	"8.2"	"H-2-3"	"08020000.720203"	"8.2/H-2-3"	"""[8.2/H-2-3] MUST ensure a sequential read performance of at least 250 MB/s. """	""	""	""	""	""	""	""	""	""	""	""
""	"8.2"	"H-2-4"	"08020000.720204"	"8.2/H-2-4"	"""[8.2/H-2-4] MUST ensure a random read performance of at least 40 MB/s. <h3 id=""23_television_requirements"" """	""	""	""	""	""	""	""	""	""	""	""
""	"8.3"	"C-1-6"	"08030000.670106"	"8.3/C-1-6"	"""C-1-6] MUST provide user affordance to display all apps that are exempted from App Standby and Doze power-saving modes or any battery optimizations and MUST implement the ACTION_REQUEST_IGNORE_BATTERY_OPTIMIZATIONS intent to ask the user to allow an app to ignore battery optimizations."""	""	""	""	""	""	""	""	""	""	""	""
""	"8.3"	"C-2-1"	"08030000.670201"	"8.3/C-2-1"	"""C-2-1] MUST meet C-1-1 above, or, MUST enter S3 state only when third-party applications do not need the system resources (e.g. the screen, CPU). Conversely, MUST exit from S3 state when third-party applications need the system resources, as described on this SDK. For example, while the third-party applications request to keep the screen on through FLAG_KEEP_SCREEN_ON or keep CPU running through PARTIAL_WAKE_LOCK, the device MUST NOT enter S3 state unless, as described in C-1-1, the user has taken explicit action to put the device in an inactive state. Conversely, at a time when a task that third-party apps implement through JobScheduler is triggered or Firebase Cloud Messaging is delivered to third-party apps, the device MUST exit the S3 state unless the user has put the device in an inactive state. These are not comprehensive examples and AOSP implements extensive wake-up signals that trigger a wakeup from this state. <h3 id=""84_power_consumption_accounting"" """	""	""	""	""	""	""	""	""	""	""	""
""	"8.3"	"T-1-3"	"08030000.840103"	"8.3/T-1-3"	"""[8.3/T-1-3] MUST provide user affordance to display all apps that are exempted from App Standby and Doze power-saving modes. Television device implementations: """	""	""	""	""	""	""	""	""	""	""	""
""	"8.5"	"C-3-1"	"08050000.670301"	"8.5/C-3-1"	"""C-3-1] MUST return an empty list through the Process.getExclusiveCores() API method. <h2 id=""9_security_model_compatibility"" """	""	""	""	""	""	""	""	""	""	""	""
""	"9.1"	"C-0-12"	"09010000.670012"	"9.1/C-0-12"	"""C-0-12] MUST NOT provide any custom functions or APIs to bypass the permission restrictions defined in setPermissionPolicy and setPermissionGrantState APIs."""	""	""	""	""	""	""	""	""	""	""	""
""	"9.1"	"C-0-13"	"09010000.670013"	"9.1/C-0-13"	"""C-0-13] MUST use the AppOpsManager APIs to record and track each and every programmatic access of data protected by dangerous permissions from Android activities and services."""	""	""	""	""	""	""	""	""	""	""	""
""	"9.1"	"C-0-14"	"09010000.670014"	"9.1/C-0-14"	"""C-0-14] MUST only assign roles to applications with functionalities that meet the role requirements."""	""	""	""	""	""	""	""	""	""	""	""
""	"9.1"	"C-0-15"	"09010000.670015"	"9.1/C-0-15"	"""C-0-15] MUST not define roles that are duplicates or superset functionality of roles defined by the platform. If devices report android.software.managed_users, they:"""	""	""	""	""	""	""	""	""	""	""	""
""	"9.1"	"C-1-1"	"09010000.670101"	"9.1/C-1-1"	"""C-1-1] MUST NOT have the following permissions silently granted by the admin: Location (ACCESS_BACKGROUND_LOCATION, ACCESS_COARSE_LOCATION, ACCESS_FINE_LOCATION). Camera (CAMERA) Microphone (RECORD_AUDIO) Body sensor (BODY_SENSORS) Physical activity (ACTIVITY_RECOGNITION) If device implementations provide a user affordance to choose which apps can draw on top of other apps with an activity that handles the ACTION_MANAGE_OVERLAY_PERMISSION intent, they:"""	""	""	""	""	""	""	""	""	""	""	""
""	"9.1"	"C-3-1"	"09010000.670301"	"9.1/C-3-1"	"""C-3-1] MUST show a disclaimer during fully managed device setup (device owner setup) stating that the IT admin will have the ability to allow apps to control settings on the phone including microphone, camera and location, with options for user to continue setup or exit setup UNLESS the admin has opted out of control of permissions on the device. If device implementations pre-install any packages that hold any of the System UI Intelligence, System Ambient Audio Intelligence, System Audio Intelligence, System Notification Intelligence, System Text Intelligence, or System Visual Intelligence roles, the packages:"""	""	""	""	""	""	""	""	""	""	""	""
""	"9.1"	"C-4-1"	"09010000.670401"	"9.1/C-4-1"	"""C-4-1] MUST fulfill all requirements outlined for device implementations in section &quot;9.8.6 Content Capture&quot;."""	""	""	""	""	""	""	""	""	""	""	""
""	"9.1"	"C-4-2"	"09010000.670402"	"9.1/C-4-2"	"""C-4-2] MUST NOT have android.permission.INTERNET permission. This is stricter than the STRONGLY RECOMMENDED listed in section 9.8.6."""	""	""	""	""	""	""	""	""	""	""	""
""	"9.1"	"C-4-3"	"09010000.670403"	"9.1/C-4-3"	"""C-4-3] MUST NOT bind to other apps, except for the following system apps: Bluetooth, Contacts, Media, Telephony, SystemUI, and components providing Internet APIs.This is stricter than the STRONGLY RECOMMENDED listed in section 9.8.6. <h3 id=""92_uid_and_process_isolation"" """	""	""	""	""	""	""	""	""	""	""	""
""	"9.10"	"C-1-11"	"09100000.670111"	"9.10/C-1-11"	"""C-1-11] MUST securely erase all user data during bootloader unlock and lock, as per &#39;9.12. Data Deletion&#39; (including the userdata partition and any NVRAM spaces)."""	""	""	""	""	""	""	""	""	""	""	""
""	"9.11.1"	"C-1-7"	"09110100.670107"	"9.11.1/C-1-7"	"""C-1-7] and | C-1-7] and"""	""	""	""	""	""	""	""	""	""	""	""
""	"9.11.1"	"C-1-8"	"09110100.670108"	"9.11.1/C-1-8"	"""C-1-8] in section 7.3.10. | C-1-8] in section 7.3.10, unless the safety of the user (e.g. driver distraction) is of concern."""	""	""	""	""	""	""	""	""	""	""	""
""	"9.11"	"C-1-6"	"09110000.670106"	"9.11/C-1-6"	"""C-1-6] MUST support IKeymasterDevice 4.0, IKeymasterDevice 4.1 or IKeyMintDevice version 1."""	""	""	""	""	""	""	""	""	""	""	""
""	"9.2"	"C-0-1"	"09020000.670001"	"9.2/C-0-1"	"""C-0-1] MUST support the Android application sandbox model, in which each application runs as a unique Unixstyle UID and in a separate process."""	""	""	""	""	""	""	""	""	""	""	""
""	"9.2"	"C-0-2"	"09020000.670002"	"9.2/C-0-2"	"""C-0-2] MUST support running multiple applications as the same Linux user ID, provided that the applications are properly signed and constructed, as defined in the Security and Permissions reference. <h3 id=""93_filesystem_permissions"" """	""	""	""	""	""	""	""	""	""	""	""
""	"9.5"	"C-2-2"	"09050000.670202"	"9.5/C-2-2"	"""C-2-2] MUST ensure that applications owned by and running on behalf of a given user cannot list, read, or write to the files owned by any other user, even if the data of both users are stored on the same volume or filesystem. Device implementations MAY create a single additional user profile of type android.os.usertype.profile.CLONE against the primary user (and only against the primary user) for the purpose of running dual instances of the same app. These dual instances share partially isolated storage, are presented to the end user in the launcher at the same time and appear in the same recents view. For example, this could be used to support the user installing two separate instances of a single app on a dual-SIM device. If device implementations create the additional user profile discussed above, then they:"""	""	""	""	""	""	""	""	""	""	""	""
""	"9.5"	"C-3-2"	"09050000.670302"	"9.5/C-3-2"	"""C-3-2] MUST NOT have this as a work profile."""	""	""	""	""	""	""	""	""	""	""	""
""	"9.5"	"C-3-3"	"09050000.670303"	"9.5/C-3-3"	"""C-3-3] MUST have isolated private app data directories from the parent user account."""	""	""	""	""	""	""	""	""	""	""	""
""	"9.5"	"C-3-4"	"09050000.670304"	"9.5/C-3-4"	"""C-3-4] MUST NOT allow the additional user profile to be created if there is a Device Owner provisioned (see section 3.9.1) or allow a Device Owner to be provisioned without removing the additional user profile first. <h3 id=""96_premium_sms_warning"" """	""	""	""	""	""	""	""	""	""	""	""
""	"9.5"	"H-2-1"	"09050000.720201"	"9.5/H-2-1"	"""[9.5/H-2-1] MUST support restricted profiles, a feature that allows device owners to manage additional users and their capabilities on the device. With restricted profiles, device owners can quickly set up separate environments for additional users to work in, with the ability to manage finer-grained restrictions in the apps that are available in those environments. If Handheld device implementations include multiple users and declare the android.hardware.telephony feature flag, they: """	""	""	""	""	""	""	""	""	""	""	""
""	"9.5"	"H-3-1"	"09050000.720301"	"9.5/H-3-1"	"""[9.5/H-3-1] MUST NOT support restricted profiles but MUST align with the AOSP implementation of controls to enable /disable other users from accessing the voice calls and SMS. Android, through the System API VoiceInteractionService supports a mechanism for secure always-on hotword detection without mic access indication If Handheld device implementations support the System API HotwordDetectionService or a another mechanism for hotword detection without mic access indication, they: """	""	""	""	""	""	""	""	""	""	""	""
""	"9.5"	"T-1-1"	"09050000.840101"	"9.5/T-1-1"	"""[9.5/T-1-1] MUST support restricted profiles, a feature that allows device owners to manage additional users and their capabilities on the device. With restricted profiles, device owners can quickly set up separate environments for additional users to work in, with the ability to manage finer-grained restrictions in the apps that are available in those environments. If Tablet device implementations include multiple users and declare the android.hardware.telephony feature flag, they: """	""	""	""	""	""	""	""	""	""	""	""
""	"9.5"	"T-2-1"	"09050000.840201"	"9.5/T-2-1"	"""[9.5/T-2-1] MUST support restricted profiles, a feature that allows device owners to manage additional users and their capabilities on the device. With restricted profiles, device owners can quickly set up separate environments for additional users to work in, with the ability to manage finer-grained restrictions in the apps that are available in those environments. If Television device implementations include multiple users and declare the android.hardware.telephony feature flag, they:  | [9.5/T-2-1] MUST NOT support restricted profiles but MUST align with the AOSP implementation of controls to enable /disable other users from accessing the voice calls and SMS. <h4 id=""262_software"" """	""	""	""	""	""	""	""	""	""	""	""
""	"9.5"	"T-3-1"	"09050000.840301"	"9.5/T-3-1"	"""[9.5/T-3-1] MUST NOT support restricted profiles but MUST align with the AOSP implementation of controls to enable /disable other users from accessing the voice calls and SMS. If Television device implementations declare android.hardware.microphone, they: ["""	""	""	""	""	""	""	""	""	""	""	""
""	"9.5"	"W-1-1"	"09050000.870101"	"9.5/W-1-1"	"""[9.5/W-1-1] MUST support restricted profiles, a feature that allows device owners to manage additional users and their capabilities on the device. With restricted profiles, device owners can quickly set up separate environments for additional users to work in, with the ability to manage finer-grained restrictions in the apps that are available in those environments. If Watch device implementations include multiple users and declare the android.hardware.telephony feature flag, they: """	""	""	""	""	""	""	""	""	""	""	""
""	"9.5"	"W-2-1"	"09050000.870201"	"9.5/W-2-1"	"""[9.5/W-2-1] MUST NOT support restricted profiles but MUST align with the AOSP implementation of controls to enable /disable other users from accessing the voice calls and SMS. <h3 id=""25_automotive_requirements"" """	""	""	""	""	""	""	""	""	""	""	""
""	"9.7"	"C-0-13"	"09070000.670013"	"9.7/C-0-13"	"""C-0-13] MUST implement branch prediction hardening if the hardware is vulnerable to CVE-2017-5715 on all devices originally shipping with API level 28 or higher (e.g. CONFIG_HARDEN_BRANCH_PREDICTOR)."""	""	""	""	""	""	""	""	""	""	""	""
""	"9.7"	"C-1-1"	"09070000.670101"	"9.7/C-1-1"	"""C-1-1] MUST implement SELinux."""	""	""	""	""	""	""	""	""	""	""	""
""	"9.7"	"C-2-1"	"09070000.670201"	"9.7/C-2-1"	"""C-2-1] MUST use a mandatory access control system that is equivalent to SELinux. If device implementations use I/O devices capable of DMA, they:"""	""	""	""	""	""	""	""	""	""	""	""
""	"9.8.10"	"C-1-5"	"09081000.670105"	"9.8.10/C-1-5"	"""C-1-5] MUST NOT include the following in the generated reports: Any kind of information that isn&#39;t directly related to connectivity debugging. Any kind of user-installed application traffic logs or detailed profiles of user-installed applications/packages (UIDs are okay, package names are not). MAY include additional information that is not associated with any user identity. (e.g. vendor logs). If device implementations include additional information (e.g. vendor logs) in bug reports and that information has privacy/security/battery/storage/memory impact, they:"""	""	""	""	""	""	""	""	""	""	""	""
""	"9.8.12"	"C-1-1"	"09081200.670101"	"9.8.12/C-1-1"	"""C-1-1] MUST enforce that the caller of MusicRecognitionManager holds the MANAGE_MUSIC_RECOGNITION permission"""	""	""	""	""	""	""	""	""	""	""	""
""	"9.8.12"	"C-1-2"	"09081200.670102"	"9.8.12/C-1-2"	"""C-1-2] MUST enforce that a single, pre-installed, music recognition application implements MusicRecognitionService."""	""	""	""	""	""	""	""	""	""	""	""
""	"9.8.12"	"C-1-3"	"09081200.670103"	"9.8.12/C-1-3"	"""C-1-3] MUST NOT allow users to replace the MusicRecognitionManagerService or MusicRecognitionService with a user-installable application or service."""	""	""	""	""	""	""	""	""	""	""	""
""	"9.8.12"	"C-1-4"	"09081200.670104"	"9.8.12/C-1-4"	"""C-1-4] MUST ensure that when MusicRecognitionManagerService accesses the audio record and forwards it to the application implementing the MusicRecognitionService, the audio access is tracked via invocations of AppOpsManager.noteOp / startOp. If device implementations of MusicRecognitionManagerService or MusicRecognitionService store any audio data captured, they:"""	""	""	""	""	""	""	""	""	""	""	""
""	"9.8.12"	"C-2-1"	"09081200.670201"	"9.8.12/C-2-1"	"""C-2-1] MUST NOT store any raw audio or audio fingerprints on disk at all, or in memory for longer than 14 days."""	""	""	""	""	""	""	""	""	""	""	""
""	"9.8.12"	"C-2-2"	"09081200.670202"	"9.8.12/C-2-2"	"""C-2-2] MUST NOT share such data beyond the MusicRecognitionService, except with explicit user consent every time it is shared. <h4 id=""9813_sensorprivacymanager"" """	""	""	""	""	""	""	""	""	""	""	""
""	"9.8.13"	"C-1-1"	"09081300.670101"	"9.8.13/C-1-1"	"""C-1-1] MUST accurately return &#39;true&#39; for the relevant supportsSensorToggle() API method."""	""	""	""	""	""	""	""	""	""	""	""
""	"9.8.13"	"C-1-2"	"09081300.670102"	"9.8.13/C-1-2"	"""C-1-2] MUST, when an app tries to access a blocked microphone or camera, present the user with a non-dismissable user affordance that clearly indicates that the sensor is blocked and requires a choice to continue blocking or unblock as per the AOSP implementation which meets this requirement. | C-1-2] above. <h3 id=""99_data_storage_encryption"" """	""	""	""	""	""	""	""	""	""	""	""
""	"9.8.13"	"C-1-3"	"09081300.670103"	"9.8.13/C-1-3"	"""C-1-3] MUST only pass blank (or fake) camera and audio data to apps and not report an error code due to the user not turning on the camera nor microphone via the user affordance presented per"""	""	""	""	""	""	""	""	""	""	""	""
""	"9.8.2"	"H-4-1"	"09080200.720401"	"9.8.2/H-4-1"	"""[9.8.2/H-4-1] MUST display the microphone indicator when an app is accessing audio data from the microphone, but not when the microphone is only accessed by HotwordDetectionService, SOURCE_HOTWORD, ContentCaptureService or apps holding the roles called out in section 9.1 with CDD identifier [C-4-X]. . """	""	""	""	""	""	""	""	""	""	""	""
""	"9.8.2"	"H-4-2"	"09080200.720402"	"9.8.2/H-4-2"	"""[9.8.2/H-4-2] MUST display the list of Recent and Active apps using microphone as returned from PermissionManager.getIndicatorAppOpUsageData(), along with any attribution messages associated with them. """	""	""	""	""	""	""	""	""	""	""	""
""	"9.8.2"	"H-4-3"	"09080200.720403"	"9.8.2/H-4-3"	"""[9.8.2/H-4-3] MUST not hide the microphone indicator for system apps that have visible user interfaces or direct user interaction. """	""	""	""	""	""	""	""	""	""	""	""
""	"9.8.2"	"H-4-4"	"09080200.720404"	"9.8.2/H-4-4"	"""[9.8.2/H-4-4] MUST display the list of Recent and Active apps using the microphone as returned from PermissionManager.getIndicatorAppOpUsageData(), along with any attribution messages associated with them. If Handheld device implementations declare android.hardware.camera.any, they: """	""	""	""	""	""	""	""	""	""	""	""
""	"9.8.2"	"H-5-1"	"09080200.720501"	"9.8.2/H-5-1"	"""[9.8.2/H-5-1] MUST display the camera indicator when an app is accessing live camera data, but not when the camera is only being accessed by app(s) holding the roles called out in section 9.1 with CDD identifier [C-4-X]. """	""	""	""	""	""	""	""	""	""	""	""
""	"9.8.2"	"H-5-2"	"09080200.720502"	"9.8.2/H-5-2"	"""[9.8.2/H-5-2] MUST display Recent and Active apps using camera as returned from PermissionManager.getIndicatorAppOpUsageData(), along with any attribution messages associated with them. """	""	""	""	""	""	""	""	""	""	""	""
""	"9.8.2"	"H-5-3"	"09080200.720503"	"9.8.2/H-5-3"	"""[9.8.2/H-5-3] MUST not hide the camera indicator for system apps that have visible user interfaces or direct user interaction. <h4 id=""226_developer_tools_and_options_compatibility"" """	""	""	""	""	""	""	""	""	""	""	""
""	"9.8.2"	"T-4-1"	"09080200.840401"	"9.8.2/T-4-1"	"""[9.8.2/T-4-1] MUST display the microphone indicator when an app is accessing audio data from the microphone, but not when the microphone is only accessed by HotwordDetectionService, SOURCE_HOTWORD, ContentCaptureService, or apps holding the roles called out in Section 9.1 Permissions with CDD identifier C-3-X]. ["""	""	""	""	""	""	""	""	""	""	""	""
""	"9.8.2"	"T-4-2"	"09080200.840402"	"9.8.2/T-4-2"	"""[9.8.2/T-4-2] MUST not hide the microphone indicator for system apps that have visible user interfaces or direct user interaction. If Television device implementations declare android.hardware.camera.any, they: ["""	""	""	""	""	""	""	""	""	""	""	""
""	"9.8.2"	"T-5-1"	"09080200.840501"	"9.8.2/T-5-1"	"""[9.8.2/T-5-1] MUST display the camera indicator when an app is accessing live camera data, but not when the camera is only being accessed by app(s) holding the roles called out in Section 9.1 Permissions with CDD identifier [C-3-X]. ["""	""	""	""	""	""	""	""	""	""	""	""
""	"9.8.2"	"T-5-2"	"09080200.840502"	"9.8.2/T-5-2"	"""[9.8.2/T-5-2] MUST not hide the camera indicator for system apps that have visible user interfaces or direct user interaction. <h4 id=""236_developer_tools_and_options_compatibility"" """	""	""	""	""	""	""	""	""	""	""	""
""	"9.8.6"	"C-0-7"	"09080600.670007"	"9.8.6/C-0-7"	"""C-0-7] MUST provide a user affordance to opt-out of the data, collected via AppSearch or proprietary means from being shown in android platform e.g launcher."""	""	""	""	""	""	""	""	""	""	""	""
""	"9.8.9"	"C-0-2"	"09080900.670002"	"9.8.9/C-0-2"	"""C-0-2] MUST NOT give to any app, read or write access to files in any other app’s dedicated, app-specific directory within external storage. The only exceptions are as follows: The external storage provider authority (e.g. apps like DocumentsUI). Download Provider which uses the “downloads” provider authority for downloading files to app storage. Platform-signed media transfer protocol (MTP) apps which use the privileged permission ACCESS_MTP to enable transferring files to another device. Apps which install other apps and have the permission INSTALL_PACKAGES can access only “obb” directories for the purpose of managing APK expansion files. <h4 id=""9810_connectivity_bug_report"" """	""	""	""	""	""	""	""	""	""	""	""
""	"9.8"	"C-3-1"	"09080000.670301"	"9.8/C-3-1"	"""[9.8/C-3-1], when a successful hotword result is transmitted to the voice interaction service or similar entity. [9.8/H-SR] Are STRONGLY RECOMMENDED to notify users before setting an application as the provider of the hotword detection service. [9.8/H-SR] Are STRONGLY RECOMMENDED to disallow the transmission of unstructured data out of the hotword detection service. If device implementations include an application that uses the System API HotwordDetectionService, or similar mechanism for hotword detection without mic usage indication, the application: """	""	""	""	""	""	""	""	""	""	""	""
""	"9.8"	"H-1-1"	"09080000.720101"	"9.8/H-1-1"	"""[9.8/H-1-1] MUST make sure the hotword detection service can only transmit data to the System or ContentCaptureService """	""	""	""	""	""	""	""	""	""	""	""
""	"9.8"	"H-1-10"	"09080000.720110"	"9.8/H-1-10"	"""[9.8/H-1-10] MUST NOT surface in the UI quantitative data about mic usage by the hotword detection service. """	""	""	""	""	""	""	""	""	""	""	""
""	"9.8"	"H-1-11"	"09080000.720111"	"9.8/H-1-11"	"""[9.8/H-1-11] MUST log the number of bytes included in every transmission from the hotword detection service to allow inspectability for security researchers. """	""	""	""	""	""	""	""	""	""	""	""
""	"9.8"	"H-1-12"	"09080000.720112"	"9.8/H-1-12"	"""[9.8/H-1-12] MUST support a debug mode that logs raw contents of every transmission from the hotword detection service to allow inspectability for security researchers. """	""	""	""	""	""	""	""	""	""	""	""
""	"9.8"	"H-1-13"	"09080000.720113"	"9.8/H-1-13"	"""[9.8/H-1-13] MUST restart the process hosting the hotword detection service at least once every hour or every 30 hardware-trigger events, whichever comes first. """	""	""	""	""	""	""	""	""	""	""	""
""	"9.8"	"H-1-14"	"09080000.720114"	"9.8/H-1-14"	"""[9.8/H-1-14] MUST display the microphone indicator, as required in """	""	""	""	""	""	""	""	""	""	""	""
""	"9.8"	"H-1-2"	"09080000.720102"	"9.8/H-1-2"	"""[9.8/H-1-2] MUST make sure the hotword detection service can only transmit mic audio data or data derived from it to the system server through HotwordDetectionService API, or to ContentCaptureService through ContentCaptureManager API. """	""	""	""	""	""	""	""	""	""	""	""
""	"9.8"	"H-1-3"	"09080000.720103"	"9.8/H-1-3"	"""[9.8/H-1-3] MUST NOT supply mic audio that is longer than 30 seconds for an individual hardware-triggered request to the hotword detection service. """	""	""	""	""	""	""	""	""	""	""	""
""	"9.8"	"H-1-4"	"09080000.720104"	"9.8/H-1-4"	"""[9.8/H-1-4] MUST NOT supply buffered mic audio older than 8 seconds for an individual request to the hotword detection service. """	""	""	""	""	""	""	""	""	""	""	""
""	"9.8"	"H-1-5"	"09080000.720105"	"9.8/H-1-5"	"""[9.8/H-1-5] MUST NOT supply buffered mic audio older than 30 seconds to the voice interaction service or similar entity. """	""	""	""	""	""	""	""	""	""	""	""
""	"9.8"	"H-1-6"	"09080000.720106"	"9.8/H-1-6"	"""[9.8/H-1-6] MUST NOT allow more than 100 bytes of data to be transmitted out of the hotword detection service on each successful hotword result. """	""	""	""	""	""	""	""	""	""	""	""
""	"9.8"	"H-1-7"	"09080000.720107"	"9.8/H-1-7"	"""[9.8/H-1-7] MUST NOT allow more than 5 bits of data to be transmitted out of the hotword detection service on each negative hotword result. """	""	""	""	""	""	""	""	""	""	""	""
""	"9.8"	"H-1-8"	"09080000.720108"	"9.8/H-1-8"	"""[9.8/H-1-8] MUST only allow transmission of data out of the hotword detection service on a hotword validation request from the system server. """	""	""	""	""	""	""	""	""	""	""	""
""	"9.8"	"H-1-9"	"09080000.720109"	"9.8/H-1-9"	"""[9.8/H-1-9] MUST NOT allow a user-installable application to provide the hotword detection service. """	""	""	""	""	""	""	""	""	""	""	""
""	"9.8"	"H-2-1"	"09080000.720201"	"9.8/H-2-1"	"""[9.8/H-2-1] MUST provide explicit notice to the user for each hotword phrase supported. """	""	""	""	""	""	""	""	""	""	""	""
""	"9.8"	"H-2-2"	"09080000.720202"	"9.8/H-2-2"	"""[9.8/H-2-2] MUST NOT preserve raw audio data, or data derived from it, through the hotword detection service. """	""	""	""	""	""	""	""	""	""	""	""
""	"9.8"	"H-2-3"	"09080000.720203"	"9.8/H-2-3"	"""[9.8/H-2-3] MUST NOT transmit from the hotword detection service, audio data, data that can be used to reconstruct (wholly or partially) the audio, or audio contents unrelated to the hotword itself, except to the ContentCaptureService. If Handheld device implementations declare android.hardware.microphone, they: """	""	""	""	""	""	""	""	""	""	""	""
""	"9.9.3"	"C-1-12"	"09090300.670112"	"9.9.3/C-1-12"	"""C-1-12] If the device has Advanced Encryption Standard (AES) instructions (such as ARMv8 Cryptography Extensions on ARM-based devices, or AES-NI on x86-based devices) then the AES-based options above for file name, file contents, and filesystem metadata encryption MUST be used, not Adiantum. | C-1-12] MUST be securely erased during bootloader unlock and lock as described here. SHOULD make preinstalled essential apps (e.g. Alarm, Phone, Messenger) Direct Boot aware. The upstream Android Open Source project provides a preferred implementation of File Based Encryption based on the Linux kernel &quot;fscrypt&quot; encryption feature, and of Metadata Encryption based on the Linux kernel &quot;dm-default-key&quot; feature. <h4 id=""994_resume_on_reboot"" """	""	""	""	""	""	""	""	""	""	""	""
""	"9.9.3"	"C-1-15"	"09090300.670115"	"9.9.3/C-1-15"	"""C-1-15] MUST ensure that all non-deleted blocks of encrypted file contents on persistent storage were encrypted using combinations of encryption key and initialization vector (IV) that depend on both the file and the offset within the file. In addition, all such combinations MUST be distinct, except where the encryption is done using inline encryption hardware that only supports an IV length of 32 bits."""	""	""	""	""	""	""	""	""	""	""	""
""	"9.9.3"	"C-1-16"	"09090300.670116"	"9.9.3/C-1-16"	"""C-1-16] MUST ensure that all non-deleted encrypted filenames on persistent storage in distinct directories were encrypted using distinct combinations of encryption key and initialization vector (IV)."""	""	""	""	""	""	""	""	""	""	""	""
""	"9.9.3"	"C-1-17"	"09090300.670117"	"9.9.3/C-1-17"	"""C-1-17] MUST ensure that all encrypted filesystem metadata blocks on persistent storage were encrypted using distinct combinations of encryption key and initialization vector (IV). Have keys protecting CE and DE storage areas which:"""	""	""	""	""	""	""	""	""	""	""	""
""	"9"	"C-0-2"	"09000000.670002"	"9/C-0-2"	"""C-0-2] MUST support installation of self-signed applications without requiring any additional permissions/certificates from any third parties/authorities. If device implementations declare the android.hardware.security.model.compatible feature, they:"""	""	""	""	""	""	""	""	""	""	""	""
""	"9"	"C-1-1"	"09000000.670101"	"9/C-1-1"	"""C-1-1] MUST support the requirements listed in the following subsections. <h3 id=""91_permissions"" """	""	""	""	""	""	""	""	""	""	""	""
