"Section"	"section_id"	"req_id"	"Test Availability"	"class_def"	"method"	"module"	"method_text"	"full_key"	"requirement"	"key_as_number"	"search_terms"	"manual_search_terms"	"not_search_terms"	"not_files"	"matched_terms"	"search_roots"	"qualified_method"	"max_matches"	"file_name"	"matched_files"	"methods_string"	"urls"	"protected"	"Area"	"Shortened"	"Test Level"
"255:716831) 9.8.2  . Recording"	"9.8.2"	"T-5-2"	""	""	""	""	""	"9.8.2/T-5-2"	""">9.8.2/T-5-2] MUST not hide the camera indicator for system apps that have visible user interfaces or direct user interaction. <h4 id=""236_developer_tools_and_options_compatibility"" """	"09080200.840502"	""	""	""	""	""	""	""	""	""	""	""	""	""	""	""	""
"262:730795) 9.8.9  . Installed apps"	"9.8.9"	"C-0-2"	""	""	""	""	""	"9.8.9/C-0-2"	"""C-0-2] MUST NOT give to any app, read or write access to files in any other app’s dedicated, app-specific directory within external storage. The only exceptions are as follows: The external storage provider authority (e.g. apps like DocumentsUI). Download Provider which uses the “downloads” provider authority for downloading files to app storage. Platform-signed media transfer protocol (MTP) apps which use the privileged permission ACCESS_MTP to enable transferring files to another device. Apps which install other apps and have the permission INSTALL_PACKAGES can access only “obb” directories for the purpose of managing APK expansion files. <h4 id=""9810_connectivity_bug_report"" """	"09080900.670002"	""	""	""	""	""	""	""	""	""	""	""	""	""	""	""	""
"17:166031) 2.2.7.1  . Media"	"2.2.7.1"	"H-1-5"	""	""	""	""	""	"2.2.7.1/H-1-5"	"""5.1/H-1-5] MUST advertise the maximum number of hardware video encoder and decoder sessions that can be run concurrently in any codec combination via the CodecCapabilities.getMaxSupportedInstances() and VideoCapabilities.getSupportedPerformancePoints() methods. && 5.1/H-1-5] MUST advertise the maximum number of hardware video encoder and decoder sessions that can be run concurrently in any codec combination via the CodecCapabilities.getMaxSupportedInstances() and VideoCapabilities.getSupportedPerformancePoints() methods. | 5.1/H-1-5] MUST advertise the maximum number of hardware video encoder and decoder sessions that can be run concurrently in any codec combination via the CodecCapabilities.getMaxSupportedInstances() and VideoCapabilities.getSupportedPerformancePoints() methods."""	"02020701.720105"	""	""	""	""	""	""	""	""	""	""	""	""	""	""	""	""
"104:385404) 3.18  . Contacts"	"3.18"	"C-0-4"	""	""	""	""	""	"3.18/C-0-4"	"""C-0-4] MUST NOT allow apps other than the current &quot;installer of record&quot; for the package to silently uninstall the app without any user confirmation, as documented in the SDK for the DELETE_PACKAGE permission. The only exceptions are the system package verifier app handling PACKAGE_NEEDS_VERIFICATION intent and the storage manager app handling ACTION_MANAGE_STORAGE intent. """	"03180000.670004"	""	""	""	""	""	""	""	""	""	""	""	""	""	""	""	""
"272:752378) 9.10  . Device Integrity"	"9.10"	"C-1-11"	""	""	""	""	""	"9.10/C-1-11"	"""C-1-11] MUST securely erase all user data during bootloader unlock and lock, as per &#39;9.12. Data Deletion&#39; (including the userdata partition and any NVRAM spaces)."""	"09100000.670111"	""	""	""	""	""	""	""	""	""	""	""	""	""	""	""	""
"101:372410) 3.15  . Instant Apps"	"3.15"	"C-0-7"	""	""	""	""	""	"3.15/C-0-7"	"""C-0-7] MUST allow running Instant Apps to be accessed from the Recents function if the Recents function is available on the device. If device implementations support Instant Apps, they: """	"03150000.670007"	""	""	""	""	""	""	""	""	""	""	""	""	""	""	""	""
""	"7.1.4.1"	"A-0-3"	""	""	""	""	""	"7.1.4.1/A-0-3"	""">7.1.4.1/A-0-3] MUST include Vulkan loader and export all symbols. If Automotive device implementations include a 3-axis accelerometer, they: [<a href=""#7_3_sensors"""""	"07010401.650003"	""	""	""	""	""	""	""	""	""	""	""	""	""	""	""	""
"255:716831) 9.8.2  . Recording"	"9.8.2"	"H-5-3"	""	""	""	""	""	"9.8.2/H-5-3"	""">9.8.2/H-5-3] MUST not hide the camera indicator for system apps that have visible user interfaces or direct user interaction. <h4 id=""226_developer_tools_and_options_compatibility"" """	"09080200.720503"	""	""	""	""	""	""	""	""	""	""	""	""	""	""	""	""
"104:385404) 3.18  . Contacts"	"3.18"	"C-0-1"	""	""	""	""	""	"3.18/C-0-1"	"""C-0-1] MUST be capable of installing and running Android “.apk” files as generated by the “aapt” tool included in the official Android SDK. As the above requirement may be challenging, device implementations are RECOMMENDED to use the AOSP reference implementation&#39;s package management system. Device implementations: """	"03180000.670001"	""	""	""	""	""	""	""	""	""	""	""	""	""	""	""	""
"246:691929) 9.1  . Permissions"	"9.1"	"C-0-15"	""	""	""	""	""	"9.1/C-0-15"	"""C-0-15] MUST not define roles that are duplicates or superset functionality of roles defined by the platform. If devices report android.software.managed_users, they: """	"09010000.670015"	""	""	""	""	""	""	""	""	""	""	""	""	""	""	""	""
"270:744174) 9.9.3  . Encryption Methods"	"9.9.3"	"C-1-12"	""	""	""	""	""	"9.9.3/C-1-12"	"""C-1-12] If the device has Advanced Encryption Standard (AES) instructions (such as ARMv8 Cryptography Extensions on ARM-based devices, or AES-NI on x86-based devices) then the AES-based options above for file name, file contents, and filesystem metadata encryption MUST be used, not Adiantum. && C-1-12] If the device has Advanced Encryption Standard (AES) instructions (such as ARMv8 Cryptography Extensions on ARM-based devices, or AES-NI on x86-based devices) then the AES-based options above for file name, file contents, and filesystem metadata encryption MUST be used, not Adiantum. | C-1-12] MUST be securely erased during bootloader unlock and lock as described here. SHOULD make preinstalled essential apps (e.g. Alarm, Phone, Messenger) Direct Boot aware. The upstream Android Open Source project provides a preferred implementation of File Based Encryption based on the Linux kernel &quot;fscrypt&quot; encryption feature, and of Metadata Encryption based on the Linux kernel &quot;dm-default-key&quot; feature. <h4 id=""994_resume_on_reboot"" """	"09090300.670112"	""	""	""	""	""	""	""	""	""	""	""	""	""	""	""	""
"20:171592) 2.2.7.4  . Performance"	"2.2.7.4"	"H-1-3"	""	""	""	""	""	"2.2.7.4/H-1-3"	"""8.2/H-1-3] MUST ensure a sequential read performance of at least 200 MB/s."""	"02020704.720103"	""	""	""	""	""	""	""	""	""	""	""	""	""	""	""	""
""	"3.9.3"	"A-1-1"	""	""	""	""	""	"3.9.3/A-1-1"	""">3.9.3/A-1-1] MUST implement all of the User lifecycle properties INITIAL_USER_INFO, SWITCH_USER, CREATE_USER, REMOVE_USER. Automotive device implementations: [<a href=""#3_14_media_ui"""""	"03090300.650101"	""	""	""	""	""	""	""	""	""	""	""	""	""	""	""	""
"18:169364) 2.2.7.2  . Camera"	"2.2.7.2"	"H-1-4"	""	""	""	""	""	"2.2.7.2/H-1-4"	"""7.5/H-1-4] MUST support CameraMetadata.SENSOR_INFO_TIMESTAMP_SOURCE_REALTIME for both primary cameras. && 7.5/H-1-4] MUST support CameraMetadata.SENSOR_INFO_TIMESTAMP_SOURCE_REALTIME for both primary cameras. | 7.5/H-1-4] MUST support CameraMetadata.SENSOR_INFO_TIMESTAMP_SOURCE_REALTIME for both primary cameras."""	"02020702.720104"	""	""	""	""	""	""	""	""	""	""	""	""	""	""	""	""
"255:716831) 9.8.2  . Recording"	"9.8.2"	"H-4-2"	""	""	""	""	""	"9.8.2/H-4-2"	""">9.8.2/H-4-2] MUST display the list of Recent and Active apps using microphone as returned from PermissionManager.getIndicatorAppOpUsageData(), along with any attribution messages associated with them. [<a href=""#9_8_2_privacy"""""	"09080200.720402"	""	""	""	""	""	""	""	""	""	""	""	""	""	""	""	""
"201:599616) 7.4.2.4  . Wi"	"7.4.2.4"	"C-1-4"	""	""	""	""	""	"7.4.2.4/C-1-4"	"""C-1-4] MUST declare android.hardware.wifi.passpoint feature flag."""	"07040204.670104"	""	""	""	""	""	""	""	""	""	""	""	""	""	""	""	""
""	"7.1.4.1"	"A-0-1"	""	""	""	""	""	"7.1.4.1/A-0-1"	""">7.1.4.1/A-0-1] MUST declare OpenGL ES 3.1 or higher. [<a href=""#7_1_display_and_graphics"""""	"07010401.650001"	""	""	""	""	""	""	""	""	""	""	""	""	""	""	""	""
"250:699468) 9.5  . Multi"	"9.5"	"C-3-4"	""	""	""	""	""	"9.5/C-3-4"	"""C-3-4] MUST NOT allow the additional user profile to be created if there is a Device Owner provisioned (see section 3.9.1) or allow a Device Owner to be provisioned without removing the additional user profile first. <h3 id=""96_premium_sms_warning"" """	"09050000.670304"	""	""	""	""	""	""	""	""	""	""	""	""	""	""	""	""
"67:301999) 3.5.2  . Application Hibernation"	"3.5.2"	"C-1-3"	""	""	""	""	""	"3.5.2/C-1-3"	"""C-1-3]. && C-1-3]. | C-1-3] MUST only apply restrictions affecting all device users when there is evidence that the package has not been used by ANY user for some period of time. This duration is STRONGLY RECOMMENDED to be one month or longer."""	"03050200.670103"	""	""	""	""	""	""	""	""	""	""	""	""	""	""	""	""
"206:607824) 7.4.3  . Bluetooth"	"7.4.3"	"C-6-2"	""	""	""	""	""	"7.4.3/C-6-2"	"""C-6-2] MUST gate Bluetooth access behind the android.permission.ACCESS_FINE_LOCATION. <h4 id=""744_near-field_communications"" """	"07040300.670602"	""	""	""	""	""	""	""	""	""	""	""	""	""	""	""	""
"190:576119) 7.3.10  . Biometric Sensors"	"7.3.10"	"C-1-9"	""	""	""	""	""	"7.3.10/C-1-9"	"""C-1-9] MUST challenge the user for the recommended primary authentication (e.g. PIN, pattern, password) after no more than twenty false trials and no less than ninety-second backoff time for biometric verification - where a false trial is one with an adequate capture quality (BIOMETRIC_ACQUIRED_GOOD) that does not match an enrolled biometric. && C-1-9] MUST challenge the user for the recommended primary authentication (e.g. PIN, pattern, password) after no more than twenty false trials and no less than ninety-second backoff time for biometric verification - where a false trial is one with an adequate capture quality (BIOMETRIC_ACQUIRED_GOOD) that does not match an enrolled biometric. | C-1-9] if the spoof and imposter acceptance rates are higher than 7% as measure by the Android Biometrics Test Protocols. && C-1-9] MUST challenge the user for the recommended primary authentication (e.g. PIN, pattern, password) after no more than twenty false trials and no less than ninety-second backoff time for biometric verification - where a false trial is one with an adequate capture quality (BIOMETRIC_ACQUIRED_GOOD) that does not match an enrolled biometric. && C-1-9] MUST challenge the user for the recommended primary authentication (e.g. PIN, pattern, password) after no more than twenty false trials and no less than ninety-second backoff time for biometric verification - where a false trial is one with an adequate capture quality (BIOMETRIC_ACQUIRED_GOOD) that does not match an enrolled biometric. | C-1-9] if the spoof and imposter acceptance rates are higher than 7% as measure by the Android Biometrics Test Protocols. | C-1-9] - where a false trial is one with an adequate capture quality (BIOMETRIC_ACQUIRED_GOOD) that does not match an enrolled biometric."""	"07031000.670109"	""	""	""	""	""	""	""	""	""	""	""	""	""	""	""	""
"20:171592) 2.2.7.4  . Performance"	"2.2.7.4"	"H-1-4"	""	""	""	""	""	"2.2.7.4/H-1-4"	"""8.2/H-1-4] MUST ensure a random read performance of at least 25 MB/s. If Handheld device implementations return android.os.Build.VERSION_CODES.S for android.os.Build.VERSION_CODES.MEDIA_PERFORMANCE_CLASS, then they: """	"02020704.720104"	""	""	""	""	""	""	""	""	""	""	""	""	""	""	""	""
"67:301999) 3.5.2  . Application Hibernation"	"3.5.2"	"C-1-6"	""	""	""	""	""	"3.5.2/C-1-6"	"""C-1-6] and"""	"03050200.670106"	""	""	""	""	""	""	""	""	""	""	""	""	""	""	""	""
"104:385404) 3.18  . Contacts"	"3.18"	"C-0-8"	""	""	""	""	""	"3.18/C-0-8"	"""C-0-8] MUST implement support for Incremental File System as documented here.  && C-0-8] MUST implement support for Incremental File System as documented here.  | C-0-8] and"""	"03180000.670008"	""	""	""	""	""	""	""	""	""	""	""	""	""	""	""	""
"259:726011) 9.8.6  . Content Capture and App Search"	"9.8.6"	"C-0-7"	""	""	""	""	""	"9.8.6/C-0-7"	"""C-0-7] MUST provide a user affordance to opt-out of the data, collected via AppSearch or proprietary means from being shown in android platform e.g launcher."""	"09080600.670007"	""	""	""	""	""	""	""	""	""	""	""	""	""	""	""	""
"270:744174) 9.9.3  . Encryption Methods"	"9.9.3"	"C-1-16"	""	""	""	""	""	"9.9.3/C-1-16"	"""C-1-16] MUST ensure that all non-deleted encrypted filenames on persistent storage in distinct directories were encrypted using distinct combinations of encryption key and initialization vector (IV). """	"09090300.670116"	""	""	""	""	""	""	""	""	""	""	""	""	""	""	""	""
"20:171592) 2.2.7.4  . Performance"	"2.2.7.4"	"H-2-2"	""	""	""	""	""	"2.2.7.4/H-2-2"	"""8.2/H-2-2] MUST ensure a random write performance of at least 10 MB/s."""	"02020704.720202"	""	""	""	""	""	""	""	""	""	""	""	""	""	""	""	""
"265:736337) 9.8.12  . Music Recognition"	"9.8.12"	"C-1-4"	""	""	""	""	""	"9.8.12/C-1-4"	"""C-1-4] MUST ensure that when MusicRecognitionManagerService accesses the audio record and forwards it to the application implementing the MusicRecognitionService, the audio access is tracked via invocations of AppOpsManager.noteOp / startOp. If device implementations of MusicRecognitionManagerService or MusicRecognitionService store any audio data captured, they: """	"09081200.670104"	""	""	""	""	""	""	""	""	""	""	""	""	""	""	""	""
"104:385404) 3.18  . Contacts"	"3.18"	"C-0-2"	""	""	""	""	""	"3.18/C-0-2"	"""C-0-2] MUST support verifying “.apk” files using the APK Signature Scheme v3 , APK Signature Scheme v2 and JAR signing."""	"03180000.670002"	""	""	""	""	""	""	""	""	""	""	""	""	""	""	""	""
"194:582721) 7.4.1  . Telephony"	"7.4.1"	"C-4-1"	""	""	""	""	""	"7.4.1/C-4-1"	"""C-4-1] MUST NOT report ‘NETWORK_TYPE_IWLAN’ via NetworkRegistrationInfo#getAccessNetworkTechnology() when NetworkRegistrationInfo#getTransportType() is reported as ‘TRANSPORT_TYPE_WWAN’ for the same NetworkRegistrationInfo instance. If device implementations support a single IP Multimedia Subsystem (IMS) registration for both multimedia telephony service (MMTEL) and rich communication service (RCS) features and are expected to comply with cellular carrier requirements regarding using a single IMS registration for all IMS signalling traffic, they: """	"07040100.670401"	""	""	""	""	""	""	""	""	""	""	""	""	""	""	""	""
"197:593606) 7.4.2  . IEEE 802.11"	"7.4.2"	"C-1-10"	""	""	""	""	""	"7.4.2/C-1-10"	"""C-1-10] MUST randomize Probe request sequence number between the last probe request of a scan and the first probe request of the next scan."""	"07040200.670110"	""	""	""	""	""	""	""	""	""	""	""	""	""	""	""	""
"182:543329) 7.3.2  . Magnetometer"	"7.3.2"	"C-1-10"	""	""	""	""	""	"7.3.2/C-1-10"	"""C-1-10] MUST implement the TYPE_MAGNETIC_FIELD_UNCALIBRATED sensor. If device implementations include a 3-axis magnetometer, an accelerometer sensor, and a 3-axis gyroscope sensor, they: """	"07030200.670110"	""	""	""	""	""	""	""	""	""	""	""	""	""	""	""	""
"201:599616) 7.4.2.4  . Wi"	"7.4.2.4"	"C-1-3"	""	""	""	""	""	"7.4.2.4/C-1-3"	"""C-1-3] MUST support IEEE 802.11u standard, specifically related to Network Discovery and Selection, such as Generic Advertisement Service (GAS) and Access Network Query Protocol (ANQP)."""	"07040204.670103"	""	""	""	""	""	""	""	""	""	""	""	""	""	""	""	""
"255:716831) 9.8.2  . Recording"	"9.8.2"	"H-4-1"	""	""	""	""	""	"9.8.2/H-4-1"	""">9.8.2/H-4-1] MUST display the microphone indicator when an app is accessing audio data from the microphone, but not when the microphone is only accessed by HotwordDetectionService, SOURCE_HOTWORD, ContentCaptureService or apps holding the roles called out in section 9.1 with CDD identifier [C-4-X]. . [<a href=""#9_8_2_privacy"""""	"09080200.720401"	""	""	""	""	""	""	""	""	""	""	""	""	""	""	""	""
"188:552069) 7.3.8  . Proximity Sensor"	"7.3.8"	"C-1-3"	""	""	""	""	""	"7.3.8/C-1-3"	"""C-1-3] MUST use 0 centimeters as the near reading and 5 centimeters as the far reading."""	"07030800.670103"	""	""	""	""	""	""	""	""	""	""	""	""	""	""	""	""
"250:699468) 9.5  . Multi"	"9.5"	"C-3-1"	""	""	""	""	""	"9.5/C-3-1"	"""C-3-1] MUST only provide access to storage or data that is either already accessible to the parent user profile or is directly owned by this additional user profile."""	"09050000.670301"	""	""	""	""	""	""	""	""	""	""	""	""	""	""	""	""
"7.1.4"	"7.1.4"	"C-1-11"	""	""	""	""	""	"7.1.4/C-1-11"	"""C-1-11] MUST NOT enumerate support for the VK_KHR_video_queue, VK_KHR_video_decode_queue, or VK_KHR_video_encode_queue extensions."""	"07010400.670111"	""	""	""	""	""	""	""	""	""	""	""	""	""	""	""	""
"20:171592) 2.2.7.4  . Performance"	"2.2.7.4"	"H-2-1"	""	""	""	""	""	"2.2.7.4/H-2-1"	"""8.2/H-2-1] MUST ensure a sequential write performance of at least 125 MB/s."""	"02020704.720201"	""	""	""	""	""	""	""	""	""	""	""	""	""	""	""	""
"201:599616) 7.4.2.4  . Wi"	"7.4.2.4"	"C-1-6"	""	""	""	""	""	"7.4.2.4/C-1-6"	"""C-1-6] MUST support at least the following subset of device provisioning protocols as defined in the Wi-Fi Alliance Passpoint R2: EAP-TTLS authentication and SOAP-XML."""	"07040204.670106"	""	""	""	""	""	""	""	""	""	""	""	""	""	""	""	""
"86:340540) 3.8.13  . Unicode and Font"	"3.8.13"	"C-1-3"	""	""	""	""	""	"3.8.13/C-1-3"	"""C-1-3] MUST NOT remove or modify NotoColorEmoji.tff in the system image. (It is acceptable to add a new emoji font to override emoji in NotoColorEmoji.tff) SHOULD support the skin tone and diverse family emojis as specified in the Unicode Technical Report #51. If device implementations include an IME, they: SHOULD provide an input method to the user for these emoji characters. Android includes support to render Myanmar fonts. Myanmar has several non-Unicode compliant fonts, commonly known as “Zawgyi,” for rendering Myanmar languages. If device implementations include support for Burmese, they: *"""	"03081300.670103"	""	""	""	""	""	""	""	""	""	""	""	""	""	""	""	""
"197:593606) 7.4.2  . IEEE 802.11"	"7.4.2"	"C-1-8"	""	""	""	""	""	"7.4.2/C-1-8"	"""C-1-8] MUST use one consistent MAC address (SHOULD NOT randomize MAC address halfway through a scan)."""	"07040200.670108"	""	""	""	""	""	""	""	""	""	""	""	""	""	""	""	""
"265:736337) 9.8.12  . Music Recognition"	"9.8.12"	"C-2-2"	""	""	""	""	""	"9.8.12/C-2-2"	"""C-2-2] MUST NOT share such data beyond the MusicRecognitionService, except with explicit user consent every time it is shared. <h4 id=""9813_sensorprivacymanager"" """	"09081200.670202"	""	""	""	""	""	""	""	""	""	""	""	""	""	""	""	""
"17:166031) 2.2.7.1  . Media"	"2.2.7.1"	"H-1-2"	""	""	""	""	""	"2.2.7.1/H-1-2"	"""5.1/H-1-2] MUST support 6 instances of hardware video decoder sessions (AVC or HEVC) in any codec combination running concurrently at 720p resolution@30 fps. && 5.1/H-1-2] MUST support 6 instances of hardware video decoder sessions (AVC or HEVC) in any codec combination running concurrently at 720p resolution@30 fps. | 5.3/H-1-2] MUST NOT drop more than 1 frame in 10 seconds during a video resolution change in a 30 fps video session under load. Load is defined as a concurrent 1080p to 720p video-only transcoding session using hardware video codecs, as well as a 128Kbps AAC audio playback. && 5.1/H-1-2] MUST support 6 instances of hardware video decoder sessions (AVC or HEVC) in any codec combination running concurrently at 720p resolution@30 fps. && 5.1/H-1-2] MUST support 6 instances of hardware video decoder sessions (AVC or HEVC) in any codec combination running concurrently at 720p resolution@30 fps. | 5.3/H-1-2] MUST NOT drop more than 1 frame in 10 seconds during a video resolution change in a 30 fps video session under load. Load is defined as a concurrent 1080p to 720p video-only transcoding session using hardware video codecs, as well as a 128Kbps AAC audio playback. | 5.1/H-1-2] MUST support 6 instances of hardware video decoder sessions (AVC, HEVC, VP9* or later) in any codec combination running concurrently at 720p resolution@30 fps. *Only 2 instances are required if VP9 codec is present. && 5.1/H-1-2] MUST support 6 instances of hardware video decoder sessions (AVC or HEVC) in any codec combination running concurrently at 720p resolution@30 fps. && 5.1/H-1-2] MUST support 6 instances of hardware video decoder sessions (AVC or HEVC) in any codec combination running concurrently at 720p resolution@30 fps. | 5.3/H-1-2] MUST NOT drop more than 1 frame in 10 seconds during a video resolution change in a 30 fps video session under load. Load is defined as a concurrent 1080p to 720p video-only transcoding session using hardware video codecs, as well as a 128Kbps AAC audio playback. && 5.1/H-1-2] MUST support 6 instances of hardware video decoder sessions (AVC or HEVC) in any codec combination running concurrently at 720p resolution@30 fps. && 5.1/H-1-2] MUST support 6 instances of hardware video decoder sessions (AVC or HEVC) in any codec combination running concurrently at 720p resolution@30 fps. | 5.3/H-1-2] MUST NOT drop more than 1 frame in 10 seconds during a video resolution change in a 30 fps video session under load. Load is defined as a concurrent 1080p to 720p video-only transcoding session using hardware video codecs, as well as a 128Kbps AAC audio playback. | 5.1/H-1-2] MUST support 6 instances of hardware video decoder sessions (AVC, HEVC, VP9* or later) in any codec combination running concurrently at 720p resolution@30 fps. *Only 2 instances are required if VP9 codec is present. | 5.3/H-1-2] MUST NOT drop more than 2 frames in 10 seconds during a video resolution change in a 60 fps video session under load. Load is defined as a concurrent 1080p to 720p video-only transcoding session using hardware video codecs, as well as a 128 kbps AAC audio playback."""	"02020701.720102"	""	""	""	""	""	""	""	""	""	""	""	""	""	""	""	""
"18:169364) 2.2.7.2  . Camera"	"2.2.7.2"	"H-1-6"	""	""	""	""	""	"2.2.7.2/H-1-6"	"""7.5/H-1-6] MUST have camera2 startup latency (open camera to first preview frame) &lt; 600ms as measured by the CTS camera PerformanceTest under ITS lighting conditions (3000K) for both primary cameras. If Handheld device implementations return android.os.Build.VERSION_CODES.S for android.os.Build.VERSION_CODES.MEDIA_PERFORMANCE_CLASS, then they:  && 7.5/H-1-6] MUST have camera2 startup latency (open camera to first preview frame) &lt; 600ms as measured by the CTS camera PerformanceTest under ITS lighting conditions (3000K) for both primary cameras. If Handheld device implementations return android.os.Build.VERSION_CODES.S for android.os.Build.VERSION_CODES.MEDIA_PERFORMANCE_CLASS, then they:  | 7.5/H-1-6] MUST have camera2 startup latency (open camera to first preview frame) &lt; 500 ms as measured by the CTS camera PerformanceTest under ITS lighting conditions (3000K) for both primary cameras."""	"02020702.720106"	""	""	""	""	""	""	""	""	""	""	""	""	""	""	""	""
"66:300552) 3.5.1  . Application Restriction"	"3.5.1"	"C-1-9"	""	""	""	""	""	"3.5.1/C-1-9"	"""C-1-9] MUST report all app restriction events via UsageStats."""	"03050100.670109"	""	""	""	""	""	""	""	""	""	""	""	""	""	""	""	""
"18:169364) 2.2.7.2  . Camera"	"2.2.7.2"	"H-1-8"	""	""	""	""	""	"2.2.7.2/H-1-8"	"""7.5/H-1-8] MUST support CameraMetadata.REQUEST_AVAILABLE_CAPABILITIES_RAW and android.graphics.ImageFormat.RAW_SENSOR for the primary back camera. <h4 id=""2273_hardware"" """	"02020702.720108"	""	""	""	""	""	""	""	""	""	""	""	""	""	""	""	""
"190:576119) 7.3.10  . Biometric Sensors"	"7.3.10"	"C-3-6"	""	""	""	""	""	"7.3.10/C-3-6"	"""C-3-6] Must enable biometric-backed keystore keys to third-party applications. If device implementations contain an under-display fingerprint sensor (UDFPS), they: """	"07031000.670306"	""	""	""	""	""	""	""	""	""	""	""	""	""	""	""	""
"255:716831) 9.8.2  . Recording"	"9.8.2"	"T-4-2"	""	""	""	""	""	"9.8.2/T-4-2"	""">9.8.2/T-4-2] MUST not hide the microphone indicator for system apps that have visible user interfaces or direct user interaction. If Television device implementations declare android.hardware.camera.any, they: [[<a href=""#9_8_2_privacy"""""	"09080200.840402"	""	""	""	""	""	""	""	""	""	""	""	""	""	""	""	""
"19:170348) 2.2.7.3  . Hardware"	"2.2.7.3"	"H-1-1"	""	""	""	""	""	"2.2.7.3/H-1-1"	"""7.1.1.1/H-1-1] MUST have screen resolution of at least 1080p. && 7.1.1.1/H-1-1] MUST have screen resolution of at least 1080p. | 7.1.1.3/H-1-1] MUST have screen density of at least 400 dpi. && 7.1.1.1/H-1-1] MUST have screen resolution of at least 1080p. && 7.1.1.1/H-1-1] MUST have screen resolution of at least 1080p. | 7.1.1.3/H-1-1] MUST have screen density of at least 400 dpi. | 7.6.1/H-1-1] MUST have at least 6 GB of physical memory. If Handheld device implementations return android.os.Build.VERSION_CODES.S for android.os.Build.VERSION_CODES.MEDIA_PERFORMANCE_CLASS, then they: """	"02020703.720101"	""	""	""	""	""	""	""	""	""	""	""	""	""	""	""	""
"242:676721) 8.3  . Power"	"8.3"	"C-1-6"	""	""	""	""	""	"8.3/C-1-6"	"""C-1-6] MUST provide user affordance to display all apps that are exempted from App Standby and Doze power-saving modes or any battery optimizations and MUST implement the ACTION_REQUEST_IGNORE_BATTERY_OPTIMIZATIONS intent to ask the user to allow an app to ignore battery optimizations."""	"08030000.670106"	""	""	""	""	""	""	""	""	""	""	""	""	""	""	""	""
"270:744174) 9.9.3  . Encryption Methods"	"9.9.3"	"C-1-6"	""	""	""	""	""	"9.9.3/C-1-6"	"""C-1-6] MUST encrypt file names using AES-256-CBC-CTS or Adiantum."""	"09090300.670106"	""	""	""	""	""	""	""	""	""	""	""	""	""	""	""	""
"270:744174) 9.9.3  . Encryption Methods"	"9.9.3"	"C-1-10"	""	""	""	""	""	"9.9.3/C-1-10"	"""C-1-10] MUST be unique and distinct, in other words no user&#39;s CE or DE key matches any other user&#39;s CE or DE keys."""	"09090300.670110"	""	""	""	""	""	""	""	""	""	""	""	""	""	""	""	""
"246:691929) 9.1  . Permissions"	"9.1"	"C-0-12"	""	""	""	""	""	"9.1/C-0-12"	"""C-0-12] MUST NOT provide any custom functions or APIs to bypass the permission restrictions defined in setPermissionPolicy and setPermissionGrantState APIs. """	"09010000.670012"	""	""	""	""	""	""	""	""	""	""	""	""	""	""	""	""
"18:169364) 2.2.7.2  . Camera"	"2.2.7.2"	"H-1-7"	""	""	""	""	""	"2.2.7.2/H-1-7"	"""7.5/H-1-7] For apps targeting API level 31 or higher, the camera device MUST NOT support JPEG capture resolutions smaller than 1080p for both primary cameras."""	"02020702.720107"	""	""	""	""	""	""	""	""	""	""	""	""	""	""	""	""
"246:691929) 9.1  . Permissions"	"9.1"	"C-0-14"	""	""	""	""	""	"9.1/C-0-14"	"""C-0-14] MUST only assign roles to applications with functionalities that meet the role requirements. """	"09010000.670014"	""	""	""	""	""	""	""	""	""	""	""	""	""	""	""	""
"190:576119) 7.3.10  . Biometric Sensors"	"7.3.10"	"C-3-5"	""	""	""	""	""	"7.3.10/C-3-5"	"""C-3-5] MUST re-generate Authenticator ID for all Class 3 biometrics supported on device if any of them is re-enrolled."""	"07031000.670305"	""	""	""	""	""	""	""	""	""	""	""	""	""	""	""	""
"7.1.4"	"7.1.4"	"C-2-3"	""	""	""	""	""	"7.1.4/C-2-3"	"""C-2-3] MUST report the maximum version of the OpenGL ES dEQP tests supported via the android.software.opengles.deqp.level feature flag."""	"07010400.670203"	""	""	""	""	""	""	""	""	""	""	""	""	""	""	""	""
"265:736337) 9.8.12  . Music Recognition"	"9.8.12"	"C-2-1"	""	""	""	""	""	"9.8.12/C-2-1"	"""C-2-1] MUST NOT store any raw audio or audio fingerprints on disk at all, or in memory for longer than 14 days."""	"09081200.670201"	""	""	""	""	""	""	""	""	""	""	""	""	""	""	""	""
"18:169364) 2.2.7.2  . Camera"	"2.2.7.2"	"H-1-2"	""	""	""	""	""	"2.2.7.2/H-1-2"	"""7.5/H-1-2] MUST have a primary front facing camera with a resolution of at least 4 megapixels supporting video capture at 1080p@30fps. The primary front-facing camera is the front-facing camera with the lowest camera ID. && 7.5/H-1-2] MUST have a primary front facing camera with a resolution of at least 4 megapixels supporting video capture at 1080p@30fps. The primary front-facing camera is the front-facing camera with the lowest camera ID. | 7.5/H-1-2] MUST have a primary front facing camera with a resolution of at least 5 megapixels and support video capture at 1080p@30fps. The primary front-facing camera is the front-facing camera with the lowest camera ID."""	"02020702.720102"	""	""	""	""	""	""	""	""	""	""	""	""	""	""	""	""
"266:737364) 9.8.13  . SensorPrivacyManager"	"9.8.13"	"C-1-1"	""	""	""	""	""	"9.8.13/C-1-1"	"""C-1-1] MUST accurately return &#39;true&#39; for the relevant supportsSensorToggle() API method."""	"09081300.670101"	""	""	""	""	""	""	""	""	""	""	""	""	""	""	""	""
"270:744174) 9.9.3  . Encryption Methods"	"9.9.3"	"C-1-15"	""	""	""	""	""	"9.9.3/C-1-15"	"""C-1-15] MUST ensure that all non-deleted blocks of encrypted file contents on persistent storage were encrypted using combinations of encryption key and initialization vector (IV) that depend on both the file and the offset within the file. In addition, all such combinations MUST be distinct, except where the encryption is done using inline encryption hardware that only supports an IV length of 32 bits. """	"09090300.670115"	""	""	""	""	""	""	""	""	""	""	""	""	""	""	""	""
"67:301999) 3.5.2  . Application Hibernation"	"3.5.2"	"C-1-2"	""	""	""	""	""	"3.5.2/C-1-2"	"""C-1-2] MUST only apply the restriction on the app for a user when there is evidence that the user has not used the app for some period of time. This duration is STRONGLY RECOMMENDED to be one month or longer. Usage MUST be defined by either explicit user interaction via the"""	"03050200.670102"	""	""	""	""	""	""	""	""	""	""	""	""	""	""	""	""
"246:691929) 9.1  . Permissions"	"9.1"	"C-4-3"	""	""	""	""	""	"9.1/C-4-3"	"""C-4-3] MUST NOT bind to other apps, except for the following system apps: Bluetooth, Contacts, Media, Telephony, SystemUI, and components providing Internet APIs.This is stricter than the STRONGLY RECOMMENDED listed in section 9.8.6. <h3 id=""92_uid_and_process_isolation"" """	"09010000.670403"	""	""	""	""	""	""	""	""	""	""	""	""	""	""	""	""
"66:300552) 3.5.1  . Application Restriction"	"3.5.1"	"C-1-10"	""	""	""	""	""	"3.5.1/C-1-10"	"""C-1-10] MUST NOT allow an app to be automatically placed in the RESTRICTED bucket within 2 hours of the most recent usage by a user. If device implementations extend the app restrictions that are implemented in AOSP, they: """	"03050100.670110"	""	""	""	""	""	""	""	""	""	""	""	""	""	""	""	""
"265:736337) 9.8.12  . Music Recognition"	"9.8.12"	"C-1-3"	""	""	""	""	""	"9.8.12/C-1-3"	"""C-1-3] MUST NOT allow users to replace the MusicRecognitionManagerService or MusicRecognitionService with a user-installable application or service."""	"09081200.670103"	""	""	""	""	""	""	""	""	""	""	""	""	""	""	""	""
"17:166031) 2.2.7.1  . Media"	"2.2.7.1"	"H-1-4"	""	""	""	""	""	"2.2.7.1/H-1-4"	"""5.1/H-1-4] MUST support 6 instances of hardware video encoder sessions (AVC or HEVC) in any codec combination running concurrently at 720p resolution@30 fps. && 5.1/H-1-4] MUST support 6 instances of hardware video encoder sessions (AVC or HEVC) in any codec combination running concurrently at 720p resolution@30 fps. | 5.1/H-1-4] MUST support 6 instances of hardware video encoder sessions (AVC, HEVC, VP9* or later) in any codec combination running concurrently at 720p resolution@30fps. *Only 2 instances are required if VP9 codec is present."""	"02020701.720104"	""	""	""	""	""	""	""	""	""	""	""	""	""	""	""	""
"273:756297) 9.11  . Keys and Credentials"	"9.11"	"C-1-6"	""	""	""	""	""	"9.11/C-1-6"	"""C-1-6] MUST support IKeymasterDevice 4.0, IKeymasterDevice 4.1 or IKeyMintDevice version 1."""	"09110000.670106"	""	""	""	""	""	""	""	""	""	""	""	""	""	""	""	""
"255:716831) 9.8.2  . Recording"	"9.8.2"	"T-4-1"	""	""	""	""	""	"9.8.2/T-4-1"	""">9.8.2/T-4-1] MUST display the microphone indicator when an app is accessing audio data from the microphone, but not when the microphone is only accessed by HotwordDetectionService, SOURCE_HOTWORD, ContentCaptureService, or apps holding the roles called out in Section 9.1 Permissions with CDD identifier C-3-X]. [[<a href=""#9_8_2_privacy"""""	"09080200.840401"	""	""	""	""	""	""	""	""	""	""	""	""	""	""	""	""
"57:278237) 3.2.3.5  . Conditional Application Intents"	"3.2.3.5"	"C-16-1"	""	""	""	""	""	"3.2.3.5/C-16-1"	"""C-16-1] MUST surface such links for all installed autofill services. If device implementations report the feature android.hardware.audio.output, they: """	"03020305.671601"	""	""	""	""	""	""	""	""	""	""	""	""	""	""	""	""
"17:166031) 2.2.7.1  . Media"	"2.2.7.1"	"H-1-3"	""	""	""	""	""	"2.2.7.1/H-1-3"	"""5.1/H-1-3] MUST advertise the maximum number of hardware video encoder sessions that can be run concurrently in any codec combination via the CodecCapabilities.getMaxSupportedInstances() and VideoCapabilities.getSupportedPerformancePoints() methods. && 5.1/H-1-3] MUST advertise the maximum number of hardware video encoder sessions that can be run concurrently in any codec combination via the CodecCapabilities.getMaxSupportedInstances() and VideoCapabilities.getSupportedPerformancePoints() methods. | 5.1/H-1-3] MUST advertise the maximum number of hardware video encoder sessions that can be run concurrently in any codec combination via the CodecCapabilities.getMaxSupportedInstances() and VideoCapabilities.getSupportedPerformancePoints() methods."""	"02020701.720103"	""	""	""	""	""	""	""	""	""	""	""	""	""	""	""	""
"7.1.4"	"7.1.4"	"C-2-5"	""	""	""	""	""	"7.1.4/C-2-5"	"""C-2-5] MUST pass all OpenGL ES dEQP Tests in the test lists between version 132383489 and the version specified in the android.software.opengles.deqp.level feature flag, for each supported OpenGL ES version."""	"07010400.670205"	""	""	""	""	""	""	""	""	""	""	""	""	""	""	""	""
"266:737364) 9.8.13  . SensorPrivacyManager"	"9.8.13"	"C-1-3"	""	""	""	""	""	"9.8.13/C-1-3"	"""C-1-3] MUST only pass blank (or fake) camera and audio data to apps and not report an error code due to the user not turning on the camera nor microphone via the user affordance presented per"""	"09081300.670103"	""	""	""	""	""	""	""	""	""	""	""	""	""	""	""	""
"18:169364) 2.2.7.2  . Camera"	"2.2.7.2"	"H-1-1"	""	""	""	""	""	"2.2.7.2/H-1-1"	"""7.5/H-1-1] MUST have a primary rear facing camera with a resolution of at least 12 megapixels supporting video capture at 4k@30fps. The primary rear-facing camera is the rear-facing camera with the lowest camera ID. && 7.5/H-1-1] MUST have a primary rear facing camera with a resolution of at least 12 megapixels supporting video capture at 4k@30fps. The primary rear-facing camera is the rear-facing camera with the lowest camera ID. | 7.5/H-1-1] MUST have a primary rear facing camera with a resolution of at least 12 megapixels supporting video capture at 4k@30fps. The primary rear-facing camera is the rear-facing camera with the lowest camera ID."""	"02020702.720101"	""	""	""	""	""	""	""	""	""	""	""	""	""	""	""	""
"68:305198) 3.6  . API Namespaces"	"3.6"	"C-1-1"	""	""	""	""	""	"3.6/C-1-1"	"""C-1-1] MUST NOT be in a NDK library or a library owned by another organization as described here. If a device implementer proposes to improve one of the package namespaces above (such as by adding useful new functionality to an existing API, or adding a new API), the implementer SHOULD visit source.android.com and begin the process for contributing changes and code, according to the information on that site. Note that the restrictions above correspond to standard conventions for naming APIs in the Java programming language; this section simply aims to reinforce those conventions and make them binding through inclusion in this Compatibility Definition. <h3 id=""37_runtime_compatibility"" """	"03060000.670101"	""	""	""	""	""	""	""	""	""	""	""	""	""	""	""	""
"250:699468) 9.5  . Multi"	"9.5"	"C-2-2"	""	""	""	""	""	"9.5/C-2-2"	"""C-2-2] MUST ensure that applications owned by and running on behalf of a given user cannot list, read, or write to the files owned by any other user, even if the data of both users are stored on the same volume or filesystem. Device implementations MAY create a single additional user profile of type android.os.usertype.profile.CLONE against the primary user (and only against the primary user) for the purpose of running dual instances of the same app. These dual instances share partially isolated storage, are presented to the end user in the launcher at the same time and appear in the same recents view. For example, this could be used to support the user installing two separate instances of a single app on a dual-SIM device. If device implementations create the additional user profile discussed above, then they: """	"09050000.670202"	""	""	""	""	""	""	""	""	""	""	""	""	""	""	""	""
"194:582721) 7.4.1  . Telephony"	"7.4.1"	"C-5-2"	""	""	""	""	""	"7.4.1/C-5-2"	"""C-5-2] MUST declare the android.hardware.telephony.ims.singlereg feature flag and provide a complete implementation of the SipTransport API, the GbaService API, dedicated bearer indications using the IRadio 1.6 HAL, and provisioning via Auto Configuration Server (ACS) or other proprietary provisioning mechanism using the IMS Configuration API. <h5 id=""7411_number_blocking_compatibility"" """	"07040100.670502"	""	""	""	""	""	""	""	""	""	""	""	""	""	""	""	""
"197:593606) 7.4.2  . IEEE 802.11"	"7.4.2"	"C-1-7"	""	""	""	""	""	"7.4.2/C-1-7"	"""C-1-7] MUST randomize the source MAC address and sequence number of probe request frames, once at the beginning of each scan, while STA is disconnected."""	"07040200.670107"	""	""	""	""	""	""	""	""	""	""	""	""	""	""	""	""
"201:599616) 7.4.2.4  . Wi"	"7.4.2.4"	"C-1-7"	""	""	""	""	""	"7.4.2.4/C-1-7"	"""C-1-7] MUST process the AAA server certificate as described in Hotspot 2.0 R3 specification."""	"07040204.670107"	""	""	""	""	""	""	""	""	""	""	""	""	""	""	""	""
"18:169364) 2.2.7.2  . Camera"	"2.2.7.2"	"H-1-3"	""	""	""	""	""	"2.2.7.2/H-1-3"	"""7.5/H-1-3] MUST support android.info.supportedHardwareLevel property as FULL or better for back primary and LIMITED or better for front primary camera. && 7.5/H-1-3] MUST support android.info.supportedHardwareLevel property as FULL or better for back primary and LIMITED or better for front primary camera. | 7.5/H-1-3] MUST support android.info.supportedHardwareLevel property as FULL or better for both primary cameras."""	"02020702.720103"	""	""	""	""	""	""	""	""	""	""	""	""	""	""	""	""
"157:486383) 7.1.1.1  . Screen Size and Shape"	"7.1.1.1"	"H-0-2"	""	""	""	""	""	"7.1.1.1/H-0-2"	""">7.1.1.1/H-0-2] MUST support GPU composition of graphic buffers at least as large as the highest resolution of any built-in display. If Handheld device implementations support software screen rotation, they: [<a href=""#7_1_display_and_graphics"""""	"07010101.720002"	""	""	""	""	""	""	""	""	""	""	""	""	""	""	""	""
"104:385404) 3.18  . Contacts"	"3.18"	"C-0-3"	""	""	""	""	""	"3.18/C-0-3"	"""C-0-3] MUST NOT extend either the .apk, Android Manifest, Dalvik bytecode, or RenderScript bytecode formats in such a way that would prevent those files from installing and running correctly on other compatible devices. """	"03180000.670003"	""	""	""	""	""	""	""	""	""	""	""	""	""	""	""	""
"201:599616) 7.4.2.4  . Wi"	"7.4.2.4"	"C-3-1"	""	""	""	""	""	"7.4.2.4/C-3-1"	"""C-3-1] MUST enable Passpoint by default. <h5 id=""7425_wi-fi_location_wi-fi_round_trip_time_-_rtt"" """	"07040204.670301"	""	""	""	""	""	""	""	""	""	""	""	""	""	""	""	""
"67:301999) 3.5.2  . Application Hibernation"	"3.5.2"	"C-1-4"	""	""	""	""	""	"3.5.2/C-1-4"	"""C-1-4] MUST NOT render the app unable to respond to activity intents, service bindings, content provider requests, or explicit broadcasts. App Hibernation in AOSP meets the above requirements. <h3 id=""36_api_namespaces"" """	"03050200.670104"	""	""	""	""	""	""	""	""	""	""	""	""	""	""	""	""
"197:593606) 7.4.2  . IEEE 802.11"	"7.4.2"	"C-1-9"	""	""	""	""	""	"7.4.2/C-1-9"	"""C-1-9] MUST iterate probe request sequence number as normal (sequentially) between the probe requests in a scan."""	"07040200.670109"	""	""	""	""	""	""	""	""	""	""	""	""	""	""	""	""
"270:744174) 9.9.3  . Encryption Methods"	"9.9.3"	"C-1-7"	""	""	""	""	""	"9.9.3/C-1-7"	"""C-1-7] MUST be cryptographically bound to a hardware-backed Keystore. This keystore MUST be bound to Verified Boot and the device&#39;s hardware root of trust."""	"09090300.670107"	""	""	""	""	""	""	""	""	""	""	""	""	""	""	""	""
"67:301999) 3.5.2  . Application Hibernation"	"3.5.2"	"C-1-1"	""	""	""	""	""	"3.5.2/C-1-1"	"""C-1-1] MUST meet all the requirements in section 3.5.1 except for"""	"03050200.670101"	""	""	""	""	""	""	""	""	""	""	""	""	""	""	""	""
"104:385404) 3.18  . Contacts"	"3.18"	"C-0-5"	""	""	""	""	""	"3.18/C-0-5"	"""C-0-5] MUST have an activity that handles the android.settings.MANAGE_UNKNOWN_APP_SOURCES intent. """	"03180000.670005"	""	""	""	""	""	""	""	""	""	""	""	""	""	""	""	""
"270:744174) 9.9.3  . Encryption Methods"	"9.9.3"	"C-1-17"	""	""	""	""	""	"9.9.3/C-1-17"	"""C-1-17] MUST ensure that all encrypted filesystem metadata blocks on persistent storage were encrypted using distinct combinations of encryption key and initialization vector (IV). Have keys protecting CE and DE storage areas which: """	"09090300.670117"	""	""	""	""	""	""	""	""	""	""	""	""	""	""	""	""
"104:385404) 3.18  . Contacts"	"3.18"	"C-0-7"	""	""	""	""	""	"3.18/C-0-7"	"""C-0-7] MUST display a warning dialog with the warning string that is provided through the system API PackageManager.setHarmfulAppWarning to the user before launching an activity in an application that has been marked by the same system API PackageManager.setHarmfulAppWarning as potentially harmful. SHOULD provide a user affordance to choose to uninstall or launch an application on the warning dialog. """	"03180000.670007"	""	""	""	""	""	""	""	""	""	""	""	""	""	""	""	""
"17:166031) 2.2.7.1  . Media"	"2.2.7.1"	"H-1-1"	""	""	""	""	""	"2.2.7.1/H-1-1"	"""5.1/H-1-1] MUST advertise the maximum number of hardware video decoder sessions that can be run concurrently in any codec combination via the CodecCapabilities.getMaxSupportedInstances() and VideoCapabilities.getSupportedPerformancePoints() methods. && 5.1/H-1-1] MUST advertise the maximum number of hardware video decoder sessions that can be run concurrently in any codec combination via the CodecCapabilities.getMaxSupportedInstances() and VideoCapabilities.getSupportedPerformancePoints() methods. | 5.3/H-1-1] MUST NOT drop more than 1 frame in 10 seconds (i.e less than 0.333 percent frame drop) for a 1080p 30 fps video session under load. Load is defined as a concurrent 1080p to 720p video-only transcoding session using hardware video codecs, as well as a 128 kbps AAC audio playback. && 5.1/H-1-1] MUST advertise the maximum number of hardware video decoder sessions that can be run concurrently in any codec combination via the CodecCapabilities.getMaxSupportedInstances() and VideoCapabilities.getSupportedPerformancePoints() methods. && 5.1/H-1-1] MUST advertise the maximum number of hardware video decoder sessions that can be run concurrently in any codec combination via the CodecCapabilities.getMaxSupportedInstances() and VideoCapabilities.getSupportedPerformancePoints() methods. | 5.3/H-1-1] MUST NOT drop more than 1 frame in 10 seconds (i.e less than 0.333 percent frame drop) for a 1080p 30 fps video session under load. Load is defined as a concurrent 1080p to 720p video-only transcoding session using hardware video codecs, as well as a 128 kbps AAC audio playback. | 5.6/H-1-1] MUST have a tap-to-tone latency of less than 100 milliseconds using the OboeTester tap-to-tone test or CTS Verifier tap-to-tone test. If Handheld device implementations return android.os.Build.VERSION_CODES.S for android.os.Build.VERSION_CODES.MEDIA_PERFORMANCE_CLASS, then they:  && 5.1/H-1-1] MUST advertise the maximum number of hardware video decoder sessions that can be run concurrently in any codec combination via the CodecCapabilities.getMaxSupportedInstances() and VideoCapabilities.getSupportedPerformancePoints() methods. && 5.1/H-1-1] MUST advertise the maximum number of hardware video decoder sessions that can be run concurrently in any codec combination via the CodecCapabilities.getMaxSupportedInstances() and VideoCapabilities.getSupportedPerformancePoints() methods. | 5.3/H-1-1] MUST NOT drop more than 1 frame in 10 seconds (i.e less than 0.333 percent frame drop) for a 1080p 30 fps video session under load. Load is defined as a concurrent 1080p to 720p video-only transcoding session using hardware video codecs, as well as a 128 kbps AAC audio playback. && 5.1/H-1-1] MUST advertise the maximum number of hardware video decoder sessions that can be run concurrently in any codec combination via the CodecCapabilities.getMaxSupportedInstances() and VideoCapabilities.getSupportedPerformancePoints() methods. && 5.1/H-1-1] MUST advertise the maximum number of hardware video decoder sessions that can be run concurrently in any codec combination via the CodecCapabilities.getMaxSupportedInstances() and VideoCapabilities.getSupportedPerformancePoints() methods. | 5.3/H-1-1] MUST NOT drop more than 1 frame in 10 seconds (i.e less than 0.333 percent frame drop) for a 1080p 30 fps video session under load. Load is defined as a concurrent 1080p to 720p video-only transcoding session using hardware video codecs, as well as a 128 kbps AAC audio playback. | 5.6/H-1-1] MUST have a tap-to-tone latency of less than 100 milliseconds using the OboeTester tap-to-tone test or CTS Verifier tap-to-tone test. If Handheld device implementations return android.os.Build.VERSION_CODES.S for android.os.Build.VERSION_CODES.MEDIA_PERFORMANCE_CLASS, then they:  | 5.1/H-1-1] MUST advertise the maximum number of hardware video decoder sessions that can be run concurrently in any codec combination via the CodecCapabilities.getMaxSupportedInstances() and VideoCapabilities.getSupportedPerformancePoints() methods. && 5.1/H-1-1] MUST advertise the maximum number of hardware video decoder sessions that can be run concurrently in any codec combination via the CodecCapabilities.getMaxSupportedInstances() and VideoCapabilities.getSupportedPerformancePoints() methods. && 5.1/H-1-1] MUST advertise the maximum number of hardware video decoder sessions that can be run concurrently in any codec combination via the CodecCapabilities.getMaxSupportedInstances() and VideoCapabilities.getSupportedPerformancePoints() methods. | 5.3/H-1-1] MUST NOT drop more than 1 frame in 10 seconds (i.e less than 0.333 percent frame drop) for a 1080p 30 fps video session under load. Load is defined as a concurrent 1080p to 720p video-only transcoding session using hardware video codecs, as well as a 128 kbps AAC audio playback. && 5.1/H-1-1] MUST advertise the maximum number of hardware video decoder sessions that can be run concurrently in any codec combination via the CodecCapabilities.getMaxSupportedInstances() and VideoCapabilities.getSupportedPerformancePoints() methods. && 5.1/H-1-1] MUST advertise the maximum number of hardware video decoder sessions that can be run concurrently in any codec combination via the CodecCapabilities.getMaxSupportedInstances() and VideoCapabilities.getSupportedPerformancePoints() methods. | 5.3/H-1-1] MUST NOT drop more than 1 frame in 10 seconds (i.e less than 0.333 percent frame drop) for a 1080p 30 fps video session under load. Load is defined as a concurrent 1080p to 720p video-only transcoding session using hardware video codecs, as well as a 128 kbps AAC audio playback. | 5.6/H-1-1] MUST have a tap-to-tone latency of less than 100 milliseconds using the OboeTester tap-to-tone test or CTS Verifier tap-to-tone test. If Handheld device implementations return android.os.Build.VERSION_CODES.S for android.os.Build.VERSION_CODES.MEDIA_PERFORMANCE_CLASS, then they:  && 5.1/H-1-1] MUST advertise the maximum number of hardware video decoder sessions that can be run concurrently in any codec combination via the CodecCapabilities.getMaxSupportedInstances() and VideoCapabilities.getSupportedPerformancePoints() methods. && 5.1/H-1-1] MUST advertise the maximum number of hardware video decoder sessions that can be run concurrently in any codec combination via the CodecCapabilities.getMaxSupportedInstances() and VideoCapabilities.getSupportedPerformancePoints() methods. | 5.3/H-1-1] MUST NOT drop more than 1 frame in 10 seconds (i.e less than 0.333 percent frame drop) for a 1080p 30 fps video session under load. Load is defined as a concurrent 1080p to 720p video-only transcoding session using hardware video codecs, as well as a 128 kbps AAC audio playback. && 5.1/H-1-1] MUST advertise the maximum number of hardware video decoder sessions that can be run concurrently in any codec combination via the CodecCapabilities.getMaxSupportedInstances() and VideoCapabilities.getSupportedPerformancePoints() methods. && 5.1/H-1-1] MUST advertise the maximum number of hardware video decoder sessions that can be run concurrently in any codec combination via the CodecCapabilities.getMaxSupportedInstances() and VideoCapabilities.getSupportedPerformancePoints() methods. | 5.3/H-1-1] MUST NOT drop more than 1 frame in 10 seconds (i.e less than 0.333 percent frame drop) for a 1080p 30 fps video session under load. Load is defined as a concurrent 1080p to 720p video-only transcoding session using hardware video codecs, as well as a 128 kbps AAC audio playback. | 5.6/H-1-1] MUST have a tap-to-tone latency of less than 100 milliseconds using the OboeTester tap-to-tone test or CTS Verifier tap-to-tone test. If Handheld device implementations return android.os.Build.VERSION_CODES.S for android.os.Build.VERSION_CODES.MEDIA_PERFORMANCE_CLASS, then they:  | 5.1/H-1-1] MUST advertise the maximum number of hardware video decoder sessions that can be run concurrently in any codec combination via the CodecCapabilities.getMaxSupportedInstances() and VideoCapabilities.getSupportedPerformancePoints() methods. | 5.3/H-1-1] MUST NOT drop more than 2 frames in 10 seconds (i.e less than 0.333 percent frame drop) for a 1080p 60 fps video session under load. Load is defined as a concurrent 1080p to 720p video-only transcoding session using hardware video codecs, as well as a 128 kbps AAC audio playback. && 5.1/H-1-1] MUST advertise the maximum number of hardware video decoder sessions that can be run concurrently in any codec combination via the CodecCapabilities.getMaxSupportedInstances() and VideoCapabilities.getSupportedPerformancePoints() methods. && 5.1/H-1-1] MUST advertise the maximum number of hardware video decoder sessions that can be run concurrently in any codec combination via the CodecCapabilities.getMaxSupportedInstances() and VideoCapabilities.getSupportedPerformancePoints() methods. | 5.3/H-1-1] MUST NOT drop more than 1 frame in 10 seconds (i.e less than 0.333 percent frame drop) for a 1080p 30 fps video session under load. Load is defined as a concurrent 1080p to 720p video-only transcoding session using hardware video codecs, as well as a 128 kbps AAC audio playback. && 5.1/H-1-1] MUST advertise the maximum number of hardware video decoder sessions that can be run concurrently in any codec combination via the CodecCapabilities.getMaxSupportedInstances() and VideoCapabilities.getSupportedPerformancePoints() methods. && 5.1/H-1-1] MUST advertise the maximum number of hardware video decoder sessions that can be run concurrently in any codec combination via the CodecCapabilities.getMaxSupportedInstances() and VideoCapabilities.getSupportedPerformancePoints() methods. | 5.3/H-1-1] MUST NOT drop more than 1 frame in 10 seconds (i.e less than 0.333 percent frame drop) for a 1080p 30 fps video session under load. Load is defined as a concurrent 1080p to 720p video-only transcoding session using hardware video codecs, as well as a 128 kbps AAC audio playback. | 5.6/H-1-1] MUST have a tap-to-tone latency of less than 100 milliseconds using the OboeTester tap-to-tone test or CTS Verifier tap-to-tone test. If Handheld device implementations return android.os.Build.VERSION_CODES.S for android.os.Build.VERSION_CODES.MEDIA_PERFORMANCE_CLASS, then they:  && 5.1/H-1-1] MUST advertise the maximum number of hardware video decoder sessions that can be run concurrently in any codec combination via the CodecCapabilities.getMaxSupportedInstances() and VideoCapabilities.getSupportedPerformancePoints() methods. && 5.1/H-1-1] MUST advertise the maximum number of hardware video decoder sessions that can be run concurrently in any codec combination via the CodecCapabilities.getMaxSupportedInstances() and VideoCapabilities.getSupportedPerformancePoints() methods. | 5.3/H-1-1] MUST NOT drop more than 1 frame in 10 seconds (i.e less than 0.333 percent frame drop) for a 1080p 30 fps video session under load. Load is defined as a concurrent 1080p to 720p video-only transcoding session using hardware video codecs, as well as a 128 kbps AAC audio playback. && 5.1/H-1-1] MUST advertise the maximum number of hardware video decoder sessions that can be run concurrently in any codec combination via the CodecCapabilities.getMaxSupportedInstances() and VideoCapabilities.getSupportedPerformancePoints() methods. && 5.1/H-1-1] MUST advertise the maximum number of hardware video decoder sessions that can be run concurrently in any codec combination via the CodecCapabilities.getMaxSupportedInstances() and VideoCapabilities.getSupportedPerformancePoints() methods. | 5.3/H-1-1] MUST NOT drop more than 1 frame in 10 seconds (i.e less than 0.333 percent frame drop) for a 1080p 30 fps video session under load. Load is defined as a concurrent 1080p to 720p video-only transcoding session using hardware video codecs, as well as a 128 kbps AAC audio playback. | 5.6/H-1-1] MUST have a tap-to-tone latency of less than 100 milliseconds using the OboeTester tap-to-tone test or CTS Verifier tap-to-tone test. If Handheld device implementations return android.os.Build.VERSION_CODES.S for android.os.Build.VERSION_CODES.MEDIA_PERFORMANCE_CLASS, then they:  | 5.1/H-1-1] MUST advertise the maximum number of hardware video decoder sessions that can be run concurrently in any codec combination via the CodecCapabilities.getMaxSupportedInstances() and VideoCapabilities.getSupportedPerformancePoints() methods. && 5.1/H-1-1] MUST advertise the maximum number of hardware video decoder sessions that can be run concurrently in any codec combination via the CodecCapabilities.getMaxSupportedInstances() and VideoCapabilities.getSupportedPerformancePoints() methods. && 5.1/H-1-1] MUST advertise the maximum number of hardware video decoder sessions that can be run concurrently in any codec combination via the CodecCapabilities.getMaxSupportedInstances() and VideoCapabilities.getSupportedPerformancePoints() methods. | 5.3/H-1-1] MUST NOT drop more than 1 frame in 10 seconds (i.e less than 0.333 percent frame drop) for a 1080p 30 fps video session under load. Load is defined as a concurrent 1080p to 720p video-only transcoding session using hardware video codecs, as well as a 128 kbps AAC audio playback. && 5.1/H-1-1] MUST advertise the maximum number of hardware video decoder sessions that can be run concurrently in any codec combination via the CodecCapabilities.getMaxSupportedInstances() and VideoCapabilities.getSupportedPerformancePoints() methods. && 5.1/H-1-1] MUST advertise the maximum number of hardware video decoder sessions that can be run concurrently in any codec combination via the CodecCapabilities.getMaxSupportedInstances() and VideoCapabilities.getSupportedPerformancePoints() methods. | 5.3/H-1-1] MUST NOT drop more than 1 frame in 10 seconds (i.e less than 0.333 percent frame drop) for a 1080p 30 fps video session under load. Load is defined as a concurrent 1080p to 720p video-only transcoding session using hardware video codecs, as well as a 128 kbps AAC audio playback. | 5.6/H-1-1] MUST have a tap-to-tone latency of less than 100 milliseconds using the OboeTester tap-to-tone test or CTS Verifier tap-to-tone test. If Handheld device implementations return android.os.Build.VERSION_CODES.S for android.os.Build.VERSION_CODES.MEDIA_PERFORMANCE_CLASS, then they:  && 5.1/H-1-1] MUST advertise the maximum number of hardware video decoder sessions that can be run concurrently in any codec combination via the CodecCapabilities.getMaxSupportedInstances() and VideoCapabilities.getSupportedPerformancePoints() methods. && 5.1/H-1-1] MUST advertise the maximum number of hardware video decoder sessions that can be run concurrently in any codec combination via the CodecCapabilities.getMaxSupportedInstances() and VideoCapabilities.getSupportedPerformancePoints() methods. | 5.3/H-1-1] MUST NOT drop more than 1 frame in 10 seconds (i.e less than 0.333 percent frame drop) for a 1080p 30 fps video session under load. Load is defined as a concurrent 1080p to 720p video-only transcoding session using hardware video codecs, as well as a 128 kbps AAC audio playback. && 5.1/H-1-1] MUST advertise the maximum number of hardware video decoder sessions that can be run concurrently in any codec combination via the CodecCapabilities.getMaxSupportedInstances() and VideoCapabilities.getSupportedPerformancePoints() methods. && 5.1/H-1-1] MUST advertise the maximum number of hardware video decoder sessions that can be run concurrently in any codec combination via the CodecCapabilities.getMaxSupportedInstances() and VideoCapabilities.getSupportedPerformancePoints() methods. | 5.3/H-1-1] MUST NOT drop more than 1 frame in 10 seconds (i.e less than 0.333 percent frame drop) for a 1080p 30 fps video session under load. Load is defined as a concurrent 1080p to 720p video-only transcoding session using hardware video codecs, as well as a 128 kbps AAC audio playback. | 5.6/H-1-1] MUST have a tap-to-tone latency of less than 100 milliseconds using the OboeTester tap-to-tone test or CTS Verifier tap-to-tone test. If Handheld device implementations return android.os.Build.VERSION_CODES.S for android.os.Build.VERSION_CODES.MEDIA_PERFORMANCE_CLASS, then they:  | 5.1/H-1-1] MUST advertise the maximum number of hardware video decoder sessions that can be run concurrently in any codec combination via the CodecCapabilities.getMaxSupportedInstances() and VideoCapabilities.getSupportedPerformancePoints() methods. | 5.3/H-1-1] MUST NOT drop more than 2 frames in 10 seconds (i.e less than 0.333 percent frame drop) for a 1080p 60 fps video session under load. Load is defined as a concurrent 1080p to 720p video-only transcoding session using hardware video codecs, as well as a 128 kbps AAC audio playback. | 5.6/H-1-1] MUST have a tap-to-tone latency of less than 100 milliseconds using the OboeTester tap-to-tone test or CTS Verifier tap-to-tone test. <h4 id=""2272_camera"" """	"02020701.720101"	""	""	""	""	""	""	""	""	""	""	""	""	""	""	""	""
"20:171592) 2.2.7.4  . Performance"	"2.2.7.4"	"H-1-1"	""	""	""	""	""	"2.2.7.4/H-1-1"	"""8.2/H-1-1] MUST ensure a sequential write performance of at least 100 MB/s."""	"02020704.720101"	""	""	""	""	""	""	""	""	""	""	""	""	""	""	""	""
"190:576119) 7.3.10  . Biometric Sensors"	"7.3.10"	"C-1-10"	""	""	""	""	""	"7.3.10/C-1-10"	"""C-1-10] MUST disable biometrics once primary authentication backoff has first triggered as described in"""	"07031000.670110"	""	""	""	""	""	""	""	""	""	""	""	""	""	""	""	""
"265:736337) 9.8.12  . Music Recognition"	"9.8.12"	"C-1-2"	""	""	""	""	""	"9.8.12/C-1-2"	"""C-1-2] MUST enforce that a single, pre-installed, music recognition application implements MusicRecognitionService."""	"09081200.670102"	""	""	""	""	""	""	""	""	""	""	""	""	""	""	""	""
"201:599616) 7.4.2.4  . Wi"	"7.4.2.4"	"C-1-9"	""	""	""	""	""	"7.4.2.4/C-1-9"	"""C-1-9] MUST keep Passpoint configurations persistent across reboots."""	"07040204.670109"	""	""	""	""	""	""	""	""	""	""	""	""	""	""	""	""
"270:744174) 9.9.3  . Encryption Methods"	"9.9.3"	"C-1-9"	""	""	""	""	""	"9.9.3/C-1-9"	"""C-1-9] CE keys MUST be bound to a default passcode when the user has not specified lock screen credentials."""	"09090300.670109"	""	""	""	""	""	""	""	""	""	""	""	""	""	""	""	""
"255:716831) 9.8.2  . Recording"	"9.8.2"	"H-4-4"	""	""	""	""	""	"9.8.2/H-4-4"	""">9.8.2/H-4-4] MUST display the list of Recent and Active apps using the microphone as returned from PermissionManager.getIndicatorAppOpUsageData(), along with any attribution messages associated with them. If Handheld device implementations declare android.hardware.camera.any, they: [<a href=""#9_8_2_privacy"""""	"09080200.720404"	""	""	""	""	""	""	""	""	""	""	""	""	""	""	""	""
"190:576119) 7.3.10  . Biometric Sensors"	"7.3.10"	"C-0-2"	""	""	""	""	""	"7.3.10/C-0-2"	"""C-0-2] of section 9.11."""	"07031000.670002"	""	""	""	""	""	""	""	""	""	""	""	""	""	""	""	""
"246:691929) 9.1  . Permissions"	"9.1"	"C-4-2"	""	""	""	""	""	"9.1/C-4-2"	"""C-4-2] MUST NOT have android.permission.INTERNET permission. This is stricter than the STRONGLY RECOMMENDED listed in section 9.8.6."""	"09010000.670402"	""	""	""	""	""	""	""	""	""	""	""	""	""	""	""	""
"250:699468) 9.5  . Multi"	"9.5"	"C-3-3"	""	""	""	""	""	"9.5/C-3-3"	"""C-3-3] MUST have isolated private app data directories from the parent user account."""	"09050000.670303"	""	""	""	""	""	""	""	""	""	""	""	""	""	""	""	""
"270:744174) 9.9.3  . Encryption Methods"	"9.9.3"	"C-1-14"	""	""	""	""	""	"9.9.3/C-1-14"	"""C-1-14] MUST NOT use the same File Based Encryption (FBE) keys or subkeys for different cryptographic purposes (e.g. for both encryption and key derivation, or for two different encryption algorithms)."""	"09090300.670114"	""	""	""	""	""	""	""	""	""	""	""	""	""	""	""	""
""	"7.1.4.1"	"A-0-2"	""	""	""	""	""	"7.1.4.1/A-0-2"	""">7.1.4.1/A-0-2] MUST support Vulkan 1.1. [<a href=""#7_1_display_and_graphics"""""	"07010401.650002"	""	""	""	""	""	""	""	""	""	""	""	""	""	""	""	""
"17:166031) 2.2.7.1  . Media"	"2.2.7.1"	"H-1-8"	""	""	""	""	""	"2.2.7.1/H-1-8"	"""5.1/H-1-8] MUST have a codec initialization latency of 50 ms or less for a 128 kbps or lower bitrate audio encoding session for all audio encoders when under load.Load here is defined as a concurrent 1080p to 720p video-only transcoding session using hardware video codecs together with the 1080p audio-video recording initialization. && 5.1/H-1-8] MUST have a codec initialization latency of 50 ms or less for a 128 kbps or lower bitrate audio encoding session for all audio encoders when under load.Load here is defined as a concurrent 1080p to 720p video-only transcoding session using hardware video codecs together with the 1080p audio-video recording initialization. | 5.1/H-1-8] MUST have a codec initialization latency of 40 ms or less for a 128 kbps or lower bitrate audio encoding session for all audio encoders when under load. Load here is defined as a concurrent 1080p to 720p video-only transcoding session using hardware video codecs together with the 1080p audio-video recording initialization."""	"02020701.720108"	""	""	""	""	""	""	""	""	""	""	""	""	""	""	""	""
"246:691929) 9.1  . Permissions"	"9.1"	"C-1-1"	""	""	""	""	""	"9.1/C-1-1"	"""C-1-1] MUST NOT have the following permissions silently granted by the admin: Location (ACCESS_BACKGROUND_LOCATION, ACCESS_COARSE_LOCATION, ACCESS_FINE_LOCATION). Camera (CAMERA) Microphone (RECORD_AUDIO) Body sensor (BODY_SENSORS) Physical activity (ACTIVITY_RECOGNITION) If device implementations provide a user affordance to choose which apps can draw on top of other apps with an activity that handles the ACTION_MANAGE_OVERLAY_PERMISSION intent, they: """	"09010000.670101"	""	""	""	""	""	""	""	""	""	""	""	""	""	""	""	""
"101:372410) 3.15  . Instant Apps"	"3.15"	"C-0-5"	""	""	""	""	""	"3.15/C-0-5"	"""C-0-5] MUST provide a user affordance to view and delete Instant Apps locally cached for each individual app package."""	"03150000.670005"	""	""	""	""	""	""	""	""	""	""	""	""	""	""	""	""
"263:733095) 9.8.10  . Connectivity Bug Report"	"9.8.10"	"C-1-5"	""	""	""	""	""	"9.8.10/C-1-5"	"""C-1-5] MUST NOT include the following in the generated reports: Any kind of information that isn&#39;t directly related to connectivity debugging. Any kind of user-installed application traffic logs or detailed profiles of user-installed applications/packages (UIDs are okay, package names are not). MAY include additional information that is not associated with any user identity. (e.g. vendor logs). If device implementations include additional information (e.g. vendor logs) in bug reports and that information has privacy/security/battery/storage/memory impact, they: """	"09081000.670105"	""	""	""	""	""	""	""	""	""	""	""	""	""	""	""	""
"201:599616) 7.4.2.4  . Wi"	"7.4.2.4"	"C-1-5"	""	""	""	""	""	"7.4.2.4/C-1-5"	"""C-1-5] MUST follow the AOSP implementation to discover, match and associate to Passpoint networks."""	"07040204.670105"	""	""	""	""	""	""	""	""	""	""	""	""	""	""	""	""
"194:582721) 7.4.1  . Telephony"	"7.4.1"	"C-5-1"	""	""	""	""	""	"7.4.1/C-5-1"	"""C-5-1] MUST declare the android.hardware.telephony.ims feature flag and provide a complete implementation of the ImsService API for both MMTEL and RCS User Capability Exchange API."""	"07040100.670501"	""	""	""	""	""	""	""	""	""	""	""	""	""	""	""	""
"20:171592) 2.2.7.4  . Performance"	"2.2.7.4"	"H-1-2"	""	""	""	""	""	"2.2.7.4/H-1-2"	"""8.2/H-1-2] MUST ensure a random write performance of at least 10 MB/s."""	"02020704.720102"	""	""	""	""	""	""	""	""	""	""	""	""	""	""	""	""
"250:699468) 9.5  . Multi"	"9.5"	"C-3-2"	""	""	""	""	""	"9.5/C-3-2"	"""C-3-2] MUST NOT have this as a work profile."""	"09050000.670302"	""	""	""	""	""	""	""	""	""	""	""	""	""	""	""	""
"266:737364) 9.8.13  . SensorPrivacyManager"	"9.8.13"	"C-1-2"	""	""	""	""	""	"9.8.13/C-1-2"	"""C-1-2] MUST, when an app tries to access a blocked microphone or camera, present the user with a non-dismissable user affordance that clearly indicates that the sensor is blocked and requires a choice to continue blocking or unblock as per the AOSP implementation which meets this requirement. && C-1-2] MUST, when an app tries to access a blocked microphone or camera, present the user with a non-dismissable user affordance that clearly indicates that the sensor is blocked and requires a choice to continue blocking or unblock as per the AOSP implementation which meets this requirement. | C-1-2] above. <h3 id=""99_data_storage_encryption"" """	"09081300.670102"	""	""	""	""	""	""	""	""	""	""	""	""	""	""	""	""
"255:716831) 9.8.2  . Recording"	"9.8.2"	"H-4-3"	""	""	""	""	""	"9.8.2/H-4-3"	""">9.8.2/H-4-3] MUST not hide the microphone indicator for system apps that have visible user interfaces or direct user interaction. [<a href=""#9_8_2_privacy"""""	"09080200.720403"	""	""	""	""	""	""	""	""	""	""	""	""	""	""	""	""
"250:699468) 9.5  . Multi"	"9.5"	"C-2-1"	""	""	""	""	""	"9.5/C-2-1"	"""C-2-1] MUST have separate and isolated shared application storage (a.k.a. /sdcard) directories for each user instance."""	"09050000.670201"	""	""	""	""	""	""	""	""	""	""	""	""	""	""	""	""
"206:607824) 7.4.3  . Bluetooth"	"7.4.3"	"C-6-1"	""	""	""	""	""	"7.4.3/C-6-1"	"""C-6-1] MUST restrict access to any Bluetooth metadata (such as scan results) which could be used to derive the location of the device, unless the requesting app successfully passes an android.permission.ACCESS_FINE_LOCATION permission check based on its current foreground/background state. If device implementations include support for Bluetooth or Bluetooth Low Energy and the app manifest does not include a declaration from the developer stating that they are not deriving location from Bluetooth, then, they: """	"07040300.670601"	""	""	""	""	""	""	""	""	""	""	""	""	""	""	""	""
"17:166031) 2.2.7.1  . Media"	"2.2.7.1"	"H-1-6"	""	""	""	""	""	"2.2.7.1/H-1-6"	"""5.1/H-1-6] MUST support 6 instances of hardware video decoder and hardware video encoder sessions (AVC or HEVC) in any codec combination running concurrently at 720p@30 fps resolution. && 5.1/H-1-6] MUST support 6 instances of hardware video decoder and hardware video encoder sessions (AVC or HEVC) in any codec combination running concurrently at 720p@30 fps resolution. | 5.1/H-1-6] MUST support 6 instances of hardware video decoder and hardware video encoder sessions (AVC, HEVC, VP9* or later) in any codec combination running concurrently at 720p@30fps resolution. *Only 2 instances are required if VP9 codec is present."""	"02020701.720106"	""	""	""	""	""	""	""	""	""	""	""	""	""	""	""	""
"190:576119) 7.3.10  . Biometric Sensors"	"7.3.10"	"C-2-9"	""	""	""	""	""	"7.3.10/C-2-9"	"""C-2-9] MUST make the biometric sensor available to third-party applications. If device implementations wish to treat a biometric sensor as Class 3 (formerly Strong), they: """	"07031000.670209"	""	""	""	""	""	""	""	""	""	""	""	""	""	""	""	""
"66:300552) 3.5.1  . Application Restriction"	"3.5.1"	"C-2-1"	""	""	""	""	""	"3.5.1/C-2-1"	"""C-2-1]MUST follow the implementation described in this document. <h4 id=""352_application_hibernation"" """	"03050100.670201"	""	""	""	""	""	""	""	""	""	""	""	""	""	""	""	""
"7.1.4"	"7.1.4"	"C-2-4"	""	""	""	""	""	"7.1.4/C-2-4"	"""C-2-4] MUST at least support version 132383489 (from Mar 1st, 2020) as reported in the android.software.opengles.deqp.level feature flag."""	"07010400.670204"	""	""	""	""	""	""	""	""	""	""	""	""	""	""	""	""
"202:600769) 7.4.2.5  . Wi"	"7.4.2.5"	"C-1-4"	""	""	""	""	""	"7.4.2.5/C-1-4"	"""C-1-4] MUST be accurate to within 2 meters at 80 MHz bandwidth at the 68th percentile (as calculated with the Cumulative Distribution Function). <h5 id=""7426_wi-fi_keepalive_offload"" """	"07040205.670104"	""	""	""	""	""	""	""	""	""	""	""	""	""	""	""	""
"3.9.1"	"3.9.1"	"C-1-9"	""	""	""	""	""	"3.9.1/C-1-9"	"""C-1-9] MUST send the ACTION_ADMIN_POLICY_COMPLIANCE intent to the Device Owner app if a Device Owner is established during provisioning regardless of the provisioning method used. The user must not be able to proceed in the Setup Wizard until the Device Owner app finishes. When the device implementation has user data, it: """	"03090100.670109"	""	""	""	""	""	""	""	""	""	""	""	""	""	""	""	""
"245:681614) 9  . Security Model Compatibility"	"9"	"C-1-1"	""	""	""	""	""	"9/C-1-1"	"""C-1-1] MUST support the requirements listed in the following subsections. <h3 id=""91_permissions"" """	"09000000.670101"	""	""	""	""	""	""	""	""	""	""	""	""	""	""	""	""
"101:372410) 3.15  . Instant Apps"	"3.15"	"C-0-6"	""	""	""	""	""	"3.15/C-0-6"	"""C-0-6] MUST provide a persistent user notification that can be collapsed while an Instant App is running in the foreground. This user notification MUST include that Instant Apps do not require installation and provide a user affordance that directs the user to the application info screen in Settings. For Instant Apps launched via web intents, as defined by using an intent with action set to Intent.ACTION_VIEW and with a scheme of &quot;http&quot; or &quot;https&quot;, an additional user affordance SHOULD allow the user not to launch the Instant App and launch the associated link with the configured web browser, if a browser is available on the device."""	"03150000.670006"	""	""	""	""	""	""	""	""	""	""	""	""	""	""	""	""
"19:170348) 2.2.7.3  . Hardware"	"2.2.7.3"	"H-2-1"	""	""	""	""	""	"2.2.7.3/H-2-1"	"""7.1.1.1/H-2-1] MUST have screen resolution of at least 1080p. && 7.1.1.1/H-2-1] MUST have screen resolution of at least 1080p. | 7.1.1.3/H-2-1] MUST have screen density of at least 400 dpi. && 7.1.1.1/H-2-1] MUST have screen resolution of at least 1080p. && 7.1.1.1/H-2-1] MUST have screen resolution of at least 1080p. | 7.1.1.3/H-2-1] MUST have screen density of at least 400 dpi. | 7.6.1/H-2-1] MUST have at least 6 GB of physical memory. <h4 id=""2274_performance"" """	"02020703.720201"	""	""	""	""	""	""	""	""	""	""	""	""	""	""	""	""
"188:552069) 7.3.8  . Proximity Sensor"	"7.3.8"	"C-1-4"	""	""	""	""	""	"7.3.8/C-1-4"	"""C-1-4] MUST report a maximum range and resolution of 5. <h4 id=""739_high_fidelity_sensors"" """	"07030800.670104"	""	""	""	""	""	""	""	""	""	""	""	""	""	""	""	""
"246:691929) 9.1  . Permissions"	"9.1"	"C-3-1"	""	""	""	""	""	"9.1/C-3-1"	"""C-3-1] MUST show a disclaimer during fully managed device setup (device owner setup) stating that the IT admin will have the ability to allow apps to control settings on the phone including microphone, camera and location, with options for user to continue setup or exit setup UNLESS the admin has opted out of control of permissions on the device. If device implementations pre-install any packages that hold any of the System UI Intelligence, System Ambient Audio Intelligence, System Audio Intelligence, System Notification Intelligence, System Text Intelligence, or System Visual Intelligence roles, the packages: """	"09010000.670301"	""	""	""	""	""	""	""	""	""	""	""	""	""	""	""	""
"3.9.1"	"3.9.1"	"C-1-8"	""	""	""	""	""	"3.9.1/C-1-8"	"""C-1-8] MUST send the ACTION_GET_PROVISIONING_MODE intent after device owner provisioning is triggered so that the DPC app can choose whether to become a Device Owner or a Profile Owner unless it can be determined from context that there is only one valid option (such as for NFC based provisioning where Profile Owner provisioning is not supported). && C-1-8] MUST send the ACTION_GET_PROVISIONING_MODE intent after device owner provisioning is triggered so that the DPC app can choose whether to become a Device Owner or a Profile Owner unless it can be determined from context that there is only one valid option (such as for NFC based provisioning where Profile Owner provisioning is not supported). | C-1-8] MUST send ACTION_MANAGED_PROFILE_PROVISIONED broadcast to the personal profile DPC when a Profile Owner is established, regardless of the provisioning method used. <h4 id=""392_managed_profile_support"" """	"03090100.670108"	""	""	""	""	""	""	""	""	""	""	""	""	""	""	""	""
"246:691929) 9.1  . Permissions"	"9.1"	"C-4-1"	""	""	""	""	""	"9.1/C-4-1"	"""C-4-1] MUST fulfill all requirements outlined for device implementations in section &quot;9.8.6 Content Capture&quot;."""	"09010000.670401"	""	""	""	""	""	""	""	""	""	""	""	""	""	""	""	""
"18:169364) 2.2.7.2  . Camera"	"2.2.7.2"	"H-1-5"	""	""	""	""	""	"2.2.7.2/H-1-5"	"""7.5/H-1-5] MUST have camera2 JPEG capture latency &lt; 1000ms for 1080p resolution as measured by the CTS camera PerformanceTest under ITS lighting conditions (3000K) for both primary cameras. && 7.5/H-1-5] MUST have camera2 JPEG capture latency &lt; 1000ms for 1080p resolution as measured by the CTS camera PerformanceTest under ITS lighting conditions (3000K) for both primary cameras. | 7.5/H-1-5] MUST have camera2 JPEG capture latency &lt; 1000 ms for 1080p resolution as measured by the CTS camera PerformanceTest under ITS lighting conditions (3000K) for both primary cameras."""	"02020702.720105"	""	""	""	""	""	""	""	""	""	""	""	""	""	""	""	""
"104:385404) 3.18  . Contacts"	"3.18"	"C-0-9"	""	""	""	""	""	"3.18/C-0-9"	"""C-0-9] MUST support verifying .apk files using the APK Signature Scheme v4. If device implementations are already launched on an earlier Android version and cannot meet the requirements && C-0-9] MUST support verifying .apk files using the APK Signature Scheme v4. If device implementations are already launched on an earlier Android version and cannot meet the requirements | C-0-9] through a system software update, they MAY be exempted from these requirements. <h2 id=""5_multimedia_compatibility"" """	"03180000.670009"	""	""	""	""	""	""	""	""	""	""	""	""	""	""	""	""
"255:716831) 9.8.2  . Recording"	"9.8.2"	"H-5-1"	""	""	""	""	""	"9.8.2/H-5-1"	""">9.8.2/H-5-1] MUST display the camera indicator when an app is accessing live camera data, but not when the camera is only being accessed by app(s) holding the roles called out in section 9.1 with CDD identifier [C-4-X]. [<a href=""#9_8_2_privacy"""""	"09080200.720501"	""	""	""	""	""	""	""	""	""	""	""	""	""	""	""	""
"265:736337) 9.8.12  . Music Recognition"	"9.8.12"	"C-1-1"	""	""	""	""	""	"9.8.12/C-1-1"	"""C-1-1] MUST enforce that the caller of MusicRecognitionManager holds the MANAGE_MUSIC_RECOGNITION permission"""	"09081200.670101"	""	""	""	""	""	""	""	""	""	""	""	""	""	""	""	""
"255:716831) 9.8.2  . Recording"	"9.8.2"	"H-5-2"	""	""	""	""	""	"9.8.2/H-5-2"	""">9.8.2/H-5-2] MUST display Recent and Active apps using camera as returned from PermissionManager.getIndicatorAppOpUsageData(), along with any attribution messages associated with them. [<a href=""#9_8_2_privacy"""""	"09080200.720502"	""	""	""	""	""	""	""	""	""	""	""	""	""	""	""	""
"246:691929) 9.1  . Permissions"	"9.1"	"C-0-13"	""	""	""	""	""	"9.1/C-0-13"	"""C-0-13] MUST use the AppOpsManager APIs to record and track each and every programmatic access of data protected by dangerous permissions from Android activities and services. """	"09010000.670013"	""	""	""	""	""	""	""	""	""	""	""	""	""	""	""	""
"270:744174) 9.9.3  . Encryption Methods"	"9.9.3"	"C-1-5"	""	""	""	""	""	"9.9.3/C-1-5"	"""C-1-5] MUST encrypt file contents and filesystem metadata using AES-256-XTS or Adiantum. AES-256-XTS refers to the Advanced Encryption Standard with a 256-bit cipher key length, operated in XTS mode; the full length of the key is 512 bits. Adiantum refers to Adiantum-XChaCha12-AES, as specified at https://github.com/google/adiantum. Filesystem metadata is data such as file sizes, ownership, modes, and extended attributes (xattrs)."""	"09090300.670105"	""	""	""	""	""	""	""	""	""	""	""	""	""	""	""	""
"255:716831) 9.8.2  . Recording"	"9.8.2"	"T-5-1"	""	""	""	""	""	"9.8.2/T-5-1"	""">9.8.2/T-5-1] MUST display the camera indicator when an app is accessing live camera data, but not when the camera is only being accessed by app(s) holding the roles called out in Section 9.1 Permissions with CDD identifier [C-3-X]. [[<a href=""#9_8_2_privacy"""""	"09080200.840501"	""	""	""	""	""	""	""	""	""	""	""	""	""	""	""	""
"104:385404) 3.18  . Contacts"	"3.18"	"C-0-6"	""	""	""	""	""	"3.18/C-0-6"	"""C-0-6] MUST NOT install application packages from unknown sources, unless the app that requests the installation meets all the following requirements: It MUST declare the REQUEST_INSTALL_PACKAGES permission or have the android:targetSdkVersion set at 24 or lower. It MUST have been granted permission by the user to install apps from unknown sources. SHOULD provide a user affordance to grant/revoke the permission to install apps from unknown sources per application, but MAY choose to implement this as a no-op and return RESULT_CANCELED for startActivityForResult(), if the device implementation does not want to allow users to have this choice. However, even in such cases, they SHOULD indicate to the user why there is no such choice presented. """	"03180000.670006"	""	""	""	""	""	""	""	""	""	""	""	""	""	""	""	""
"20:171592) 2.2.7.4  . Performance"	"2.2.7.4"	"H-2-3"	""	""	""	""	""	"2.2.7.4/H-2-3"	"""8.2/H-2-3] MUST ensure a sequential read performance of at least 250 MB/s."""	"02020704.720203"	""	""	""	""	""	""	""	""	""	""	""	""	""	""	""	""
"20:171592) 2.2.7.4  . Performance"	"2.2.7.4"	"H-2-4"	""	""	""	""	""	"2.2.7.4/H-2-4"	"""8.2/H-2-4] MUST ensure a random read performance of at least 40 MB/s. <h3 id=""23_television_requirements"" """	"02020704.720204"	""	""	""	""	""	""	""	""	""	""	""	""	""	""	""	""
"270:744174) 9.9.3  . Encryption Methods"	"9.9.3"	"C-1-11"	""	""	""	""	""	"9.9.3/C-1-11"	"""C-1-11] MUST use the mandatorily supported ciphers, key lengths and modes."""	"09090300.670111"	""	""	""	""	""	""	""	""	""	""	""	""	""	""	""	""
"17:166031) 2.2.7.1  . Media"	"2.2.7.1"	"H-1-7"	""	""	""	""	""	"2.2.7.1/H-1-7"	"""5.1/H-1-7] MUST have a codec initialization latency of 65 ms or less for a 1080p or smaller video encoding session for all hardware video encoders when under load. Load here is defined as a concurrent 1080p to 720p video-only transcoding session using hardware video codecs together with the 1080p audio-video recording initialization. && 5.1/H-1-7] MUST have a codec initialization latency of 65 ms or less for a 1080p or smaller video encoding session for all hardware video encoders when under load. Load here is defined as a concurrent 1080p to 720p video-only transcoding session using hardware video codecs together with the 1080p audio-video recording initialization. | 5.1/H-1-7] MUST have a codec initialization latency of 50 ms or less for a 1080p or smaller video encoding session for all hardware video encoders when under load. Load here is defined as a concurrent 1080p to 720p video-only transcoding session using hardware video codecs together with the 1080p audio-video recording initialization."""	"02020701.720107"	""	""	""	""	""	""	""	""	""	""	""	""	""	""	""	""
"201:599616) 7.4.2.4  . Wi"	"7.4.2.4"	"C-1-8"	""	""	""	""	""	"7.4.2.4/C-1-8"	"""C-1-8] MUST support user control of provisioning through the Wi-Fi picker."""	"07040204.670108"	""	""	""	""	""	""	""	""	""	""	""	""	""	""	""	""
"270:744174) 9.9.3  . Encryption Methods"	"9.9.3"	"C-1-8"	""	""	""	""	""	"9.9.3/C-1-8"	"""C-1-8] CE keys MUST be bound to a user&#39;s lock screen credentials."""	"09090300.670108"	""	""	""	""	""	""	""	""	""	""	""	""	""	""	""	""
